Unnamed: 0,date,acdc,load,pv,ess_charge,ess_discharge,workday,price,fee
0,2023-08-27 16:00,1.11,16.66,17.94,0,0,0,229,254.19
1,2023-08-27 17:00,26.87,43.06,16.32,0,0,0,229,6153.23
2,2023-08-27 18:00,41.31,41.33,0.07,0,0,0,146.9,6068.439
3,2023-08-27 19:00,36.22,36.19,0,0,0,0,146.9,5320.718
4,2023-08-27 20:00,38.68,38.74,0,0,0,0,146.9,5682.092
5,2023-08-27 21:00,36.53,36.43,0,0,0,0,146.9,5366.257
6,2023-08-27 22:00,35.61,35.63,0,0,0,0,94,3347.34
7,2023-08-27 23:00,24.59,24.53,0,0,0,0,94,2311.46
8,2023-08-28 0:00,37.99,37.79,0,0,0,1,94,3571.06
9,2023-08-28 1:00,34.67,34.47,0,0,0,1,94,3258.98
10,2023-08-28 2:00,41.24,41.11,0,0,0,1,94,3876.56
11,2023-08-28 3:00,49.51,49.4,0,0,0,1,94,4653.94
12,2023-08-28 4:00,58.36,58.25,0,0,0,1,94,5485.84
13,2023-08-28 5:00,68.97,68.88,0,0,0,1,94,6483.18
14,2023-08-28 6:00,87.18,87.48,0.51,0,0,1,94,8194.92
15,2023-08-28 7:00,110.92,113.55,2.79,0,0,1,94,10426.48
16,2023-08-28 8:00,133.8,140.65,7.03,0,0,1,94,12577.2
17,2023-08-28 9:00,34.65,55.99,23.89,0,0,1,146.9,5090.085
18,2023-08-28 10:00,89.34,182.23,92.79,0,0,1,146.9,13124.046
19,2023-08-28 11:00,87.43,191.31,103.77,0,0,1,146.9,12843.467
20,2023-08-28 12:00,74.57,189.98,115.26,0,0,1,146.9,10954.333
21,2023-08-28 13:00,88.68,189.74,100.84,-78.32,0,1,146.9,13027.092
22,2023-08-28 14:00,121.51,192.05,70.59,0,0,1,229,27825.79
23,2023-08-28 15:00,128.28,189.44,61.36,0,0,1,229,29376.12
24,2023-08-28 16:00,153.04,187.95,35.08,0,0,1,229,35046.16
25,2023-08-28 17:00,160.74,173.9,13.52,0,0,1,229,36809.46
26,2023-08-28 18:00,159.53,159.31,0.13,0,0,1,146.9,23434.957
27,2023-08-28 19:00,199.43,198.91,0,0,0,1,146.9,29296.267
28,2023-08-28 20:00,184.86,184.3,0,0,0,1,146.9,27155.934
29,2023-08-28 21:00,141.38,140.84,0,0,0,1,146.9,20768.722
30,2023-08-28 22:00,107.45,106.89,0,0,0,1,94,10100.3
31,2023-08-28 23:00,72.4,71.86,0,0,0,1,94,6805.6
32,2023-08-29 0:00,53.27,52.34,0,0,0,1,94,5007.38
33,2023-08-29 1:00,45.42,44.35,0,0,0,1,94,4269.48
34,2023-08-29 2:00,55.69,54.95,0,0,0,1,94,5234.86
35,2023-08-29 3:00,48.54,47.48,0,0,0,1,94,4562.76
36,2023-08-29 4:00,74.77,73.75,0,0,0,1,94,7028.38
37,2023-08-29 5:00,93.57,92.65,0,0,0,1,94,8795.58
38,2023-08-29 6:00,100.77,101.39,1.6,0,0,1,94,9472.38
39,2023-08-29 7:00,117.54,127.02,10.04,0,0,1,94,11048.76
40,2023-08-29 8:00,143.21,173.26,30.59,0,0,1,94,13461.74
41,2023-08-29 9:00,156.87,217.71,61.25,0,0,1,146.9,23044.203
42,2023-08-29 10:00,181.92,241.32,59.51,0,0,1,146.9,26724.048
43,2023-08-29 11:00,203.29,252.66,49.47,0,0,1,146.9,29863.301
44,2023-08-29 12:00,245.09,252.05,7.49,0,0,1,146.9,36003.721
45,2023-08-29 13:00,219.58,250.43,31.19,0,0,1,146.9,32256.302
46,2023-08-29 14:00,210.51,254.62,44.32,0,0,1,229,48206.79
47,2023-08-29 15:00,237.27,251.55,14.43,0,0,1,229,54334.83
48,2023-08-29 16:00,228.8,249.42,21.21,0,0,1,229,52395.2
49,2023-08-29 17:00,228.35,230.62,2.85,0,0,1,229,52292.15
50,2023-08-29 18:00,207.62,209.23,2.23,0,0,1,146.9,30499.378
51,2023-08-29 19:00,196.48,195.63,0,0,0,1,146.9,28862.912
52,2023-08-29 20:00,179.43,178.81,0,0,0,1,146.9,26358.267
53,2023-08-29 21:00,141.4,140.89,0,0,0,1,146.9,20771.66
54,2023-08-29 22:00,102.5,101.91,0,0,0,1,94,9635
55,2023-08-29 23:00,64.07,63.54,0,0,0,1,94,6022.58
56,2023-08-30 0:00,52.06,51.52,0,0,0,1,94,4893.64
57,2023-08-30 1:00,44.25,43.82,0,0,0,1,94,4159.5
58,2023-08-30 2:00,54.82,54.41,0,0,0,1,94,5153.08
59,2023-08-30 3:00,56.04,55.59,0,0,0,1,94,5267.76
60,2023-08-30 4:00,83.13,82.62,0,0,0,1,94,7814.22
61,2023-08-30 5:00,92.85,92.28,0,0,0,1,94,8727.9
62,2023-08-30 6:00,102.38,101.14,0.15,0,0,1,94,9623.72
63,2023-08-30 7:00,114.93,115.29,1.57,0,0,1,94,10803.42
64,2023-08-30 8:00,150.77,161.6,12.11,0,0,1,94,14172.38
65,2023-08-30 9:00,179.37,212.96,34.34,0,0,1,146.9,26349.453
66,2023-08-30 10:00,215.46,239.59,25.53,0,0,1,146.9,31651.074
67,2023-08-30 11:00,186.19,250.87,65.54,0,0,1,146.9,27351.311
68,2023-08-30 12:00,206.92,249.5,43.4,0,0,1,146.9,30396.548
69,2023-08-30 13:00,194.03,248.47,54.26,0,0,1,146.9,28503.007
70,2023-08-30 14:00,208.32,251.72,43.33,0,0,1,229,47705.28
71,2023-08-30 15:00,228.45,249.16,20.86,0,0,1,229,52315.05
72,2023-08-30 16:00,235.4,246.33,11.42,0,0,1,229,53906.6
73,2023-08-30 17:00,218.21,222.9,4.94,0,0,1,229,49970.09
74,2023-08-30 18:00,199.86,199.17,0.09,0,0,1,146.9,29359.434
75,2023-08-30 19:00,187.81,187.06,0,0,0,1,146.9,27589.289
76,2023-08-30 20:00,174.59,173.9,0,0,0,1,146.9,25647.271
77,2023-08-30 21:00,130.8,130.38,0,0,0,1,146.9,19214.52
78,2023-08-30 22:00,96.7,96.15,0,0,0,1,94,9089.8
79,2023-08-30 23:00,62,61.38,0,0,0,1,94,5828
80,2023-08-31 0:00,43.3,42.92,0,0,0,1,94,4070.2
81,2023-08-31 1:00,36.1,35.53,0,0,0,1,94,3393.4
82,2023-08-31 2:00,46.6,46.02,0,0,0,1,94,4380.4
83,2023-08-31 3:00,47.9,47.97,0,0,0,1,94,4502.6
84,2023-08-31 4:00,74.7,74.02,0,0,0,1,94,7021.8
85,2023-08-31 5:00,91.9,91.43,0,0,0,1,94,8638.6
86,2023-08-31 6:00,94,96.83,3.1,0,0,1,94,8836
87,2023-08-31 7:00,98.8,116.38,17.62,0,0,1,94,9287.2
88,2023-08-31 8:00,92.3,162.87,70.46,0,0,1,94,8676.2
89,2023-08-31 9:00,107,210.7,103.38,0,0,1,146.9,15718.3
90,2023-08-31 10:00,89.3,235.07,145.92,0,0,1,146.9,13118.17
91,2023-08-31 11:00,58.2,252.53,193.87,0,0,1,146.9,8549.58
92,2023-08-31 12:00,53.4,220.93,180.88,0,0,1,146.9,7844.46
93,2023-08-31 13:00,70.5,245.44,176.27,0,0,1,146.9,10356.45
94,2023-08-31 14:00,83,252.37,167.41,0,0,1,229,19007
95,2023-08-31 15:00,106.9,248.32,140.97,0,0,1,229,24480.1
96,2023-08-31 16:00,152.2,245.39,92.65,0,0,1,229,34853.8
97,2023-08-31 17:00,181.3,226.81,45.51,0,0,1,229,41517.7
98,2023-08-31 18:00,199.8,205.52,5.99,0,0,1,146.9,29350.62
99,2023-08-31 19:00,186.1,185.52,0.02,0,0,1,146.9,27338.09
100,2023-08-31 20:00,173,172.31,0,0,0,1,146.9,25413.7
101,2023-08-31 21:00,128.4,127.64,0,0,0,1,146.9,18861.96
102,2023-08-31 22:00,100.8,100.42,0,0,0,1,94,9475.2
103,2023-08-31 23:00,67,66.36,0,0,0,1,94,6298
104,2023-09-01 0:00,42.9,42.2,0,0,0,1,94,4032.6
105,2023-09-01 1:00,33.9,33.38,0,0,0,1,94,3186.6
106,2023-09-01 2:00,43.6,42.92,0,0,0,1,94,4098.4
107,2023-09-01 3:00,45.6,45.43,0,0,0,1,94,4286.4
108,2023-09-01 4:00,73.3,72.39,0,0,0,1,94,6890.2
109,2023-09-01 5:00,90.9,90.77,0,0,0,1,94,8544.6
110,2023-09-01 6:00,94.9,95.19,0.64,0,0,1,94,8920.6
111,2023-09-01 7:00,98.4,114.61,16.31,0,0,1,94,9249.6
112,2023-09-01 8:00,124.7,160.51,35.72,0,0,1,94,11721.8
113,2023-09-01 9:00,147.3,206.79,60.06,0,0,1,116.5,17160.45
114,2023-09-01 10:00,124.4,235.25,111.09,0,0,1,116.5,14492.6
115,2023-09-01 11:00,100.6,249.02,147.13,0,0,1,116.5,11719.9
116,2023-09-01 12:00,100.1,246.28,147.39,0,0,1,116.5,11661.65
117,2023-09-01 13:00,55,245.9,191.25,0,0,1,116.5,6407.5
118,2023-09-01 14:00,85.4,248.25,164.83,0,0,1,147.2,12570.88
119,2023-09-01 15:00,114.8,246.12,132.86,0,0,1,147.2,16898.56
120,2023-09-01 16:00,163.5,244.16,81.39,0,0,1,147.2,24067.2
121,2023-09-01 17:00,188,224.88,39.07,0,0,1,147.2,27673.6
122,2023-09-01 18:00,197.8,202.97,7.6,0,0,1,116.5,23043.7
123,2023-09-01 19:00,194.2,191.63,0,0,0,1,116.5,22624.3
124,2023-09-01 20:00,176.6,174.09,0,0,0,1,116.5,20573.9
125,2023-09-01 21:00,136,133.2,0,0,0,1,116.5,15844
126,2023-09-01 22:00,95.8,94.65,0,0,0,1,94,9005.2
127,2023-09-01 23:00,61.7,59.2,0,0,0,1,94,5799.8
128,2023-09-02 0:00,43.6,40.16,0,0,0,0,94,4098.4
129,2023-09-02 1:00,42,39.03,0,0,0,0,94,3948
130,2023-09-02 2:00,40.3,37.32,0,0,0,0,94,3788.2
131,2023-09-02 3:00,40.7,37.87,0,0,0,0,94,3825.8
132,2023-09-02 4:00,40.8,37.7,0,0,0,0,94,3835.2
133,2023-09-02 5:00,39.8,37.43,0,0,0,0,94,3741.2
134,2023-09-02 6:00,38.7,37.3,1.35,0,0,0,94,3637.8
135,2023-09-02 7:00,13.4,38.37,28.05,0,0,0,94,1259.6
136,2023-09-02 8:00,18.1,40.31,24.32,0,0,0,94,1701.4
137,2023-09-02 9:00,4.9,44.28,48.13,0,0,0,116.5,570.85
138,2023-09-02 10:00,4,50.68,58.5,0,0,0,116.5,466
139,2023-09-02 11:00,0.9,53.99,69.69,0,0,0,116.5,104.85
140,2023-09-02 12:00,18.1,56.36,38.99,0,0,0,116.5,2108.65
141,2023-09-02 13:00,0.1,56.69,131.46,0,0,0,116.5,11.65
142,2023-09-02 14:00,2.6,57.92,98.91,0,0,0,147.2,382.72
143,2023-09-02 15:00,27.9,57.81,30.16,0,0,0,147.2,4106.88
144,2023-09-02 16:00,24.5,55.26,32.49,0,0,0,147.2,3606.4
145,2023-09-02 17:00,36.2,54.69,20.14,0,0,0,147.2,5328.64
146,2023-09-02 18:00,52.1,54.32,4.48,0,0,0,116.5,6069.65
147,2023-09-02 19:00,55.5,52.43,0,0,0,0,116.5,6465.75
148,2023-09-02 20:00,55.3,52.31,0,0,0,0,116.5,6442.45
149,2023-09-02 21:00,54.5,51.76,0,0,0,0,116.5,6349.25
150,2023-09-02 22:00,53.4,51.57,0,0,0,0,94,5019.6
151,2023-09-02 23:00,50.9,48.87,0,0,0,0,94,4784.6
152,2023-09-03 0:00,50.6,48.31,0,0,0,0,94,4756.4
153,2023-09-03 1:00,49.9,47.03,0,0,0,0,94,4690.6
154,2023-09-03 2:00,48.8,45.52,0,0,0,0,94,4587.2
155,2023-09-03 3:00,49,45.36,0,0,0,0,94,4606
156,2023-09-03 4:00,48.6,45.52,0,0,0,0,94,4568.4
157,2023-09-03 5:00,46.3,43.72,0,0,0,0,94,4352.2
158,2023-09-03 6:00,39.7,37.37,0.39,0,0,0,94,3731.8
159,2023-09-03 7:00,26.7,38.3,13.81,0,0,0,94,2509.8
160,2023-09-03 8:00,0.6,41.6,68.34,0,0,0,94,56.4
161,2023-09-03 9:00,0,50.72,115.32,0,0,0,116.5,0
162,2023-09-03 10:00,0,55.07,147.61,0,0,0,116.5,0
163,2023-09-03 11:00,0.1,59.39,160.78,0,0,0,116.5,11.65
164,2023-09-03 12:00,0,59.74,119.6,0,0,0,116.5,0
165,2023-09-03 13:00,0,59.2,134.4,0,0,0,116.5,0
166,2023-09-03 14:00,0,60.79,131.6,0,0,0,147.2,0
167,2023-09-03 15:00,6.8,59.32,55.96,0,0,0,147.2,1000.96
168,2023-09-03 16:00,1,58.91,92.98,0,0,0,147.2,147.2
169,2023-09-03 17:00,25.4,59.05,34.65,0,0,0,147.2,3738.88
170,2023-09-03 18:00,54.8,58.66,5.04,0,0,0,116.5,6384.2
171,2023-09-03 19:00,58,56.18,0,0,0,0,116.5,6757
172,2023-09-03 20:00,57.4,55.5,0,0,0,0,116.5,6687.1
173,2023-09-03 21:00,47.7,44.49,0,0,0,0,116.5,5557.05
174,2023-09-03 22:00,44.8,44.2,0,0,0,0,94,4211.2
175,2023-09-03 23:00,42.7,39.29,0,0,0,0,94,4013.8
176,2023-09-04 0:00,41.9,39.54,0,0,0,1,94,3938.6
177,2023-09-04 1:00,31.6,30.18,0,0,0,1,94,2970.4
178,2023-09-04 2:00,43.2,44.18,0,0,0,1,94,4060.8
179,2023-09-04 3:00,43.7,44.69,0,0,0,1,94,4107.8
180,2023-09-04 4:00,72.3,72.88,0,0,0,1,94,6796.2
181,2023-09-04 5:00,88.4,88.08,0,0,0,1,94,8309.6
182,2023-09-04 6:00,92.6,96.82,2.86,0,0,1,94,8704.4
183,2023-09-04 7:00,93.4,123.34,28.08,0,0,1,94,8779.6
184,2023-09-04 8:00,86.2,167.9,82.16,0,0,1,94,8102.8
185,2023-09-04 9:00,94.8,215.79,118.83,0,0,1,116.5,11044.2
186,2023-09-04 10:00,111.6,238.3,125.12,0,0,1,116.5,13001.4
187,2023-09-04 11:00,98.4,248.13,150.01,0,0,1,116.5,11463.6
188,2023-09-04 12:00,75.2,247.4,171.92,0,0,1,116.5,8760.8
189,2023-09-04 13:00,84.1,246.75,163.01,0,0,1,116.5,9797.65
190,2023-09-04 14:00,116.1,252.47,134.94,0,0,1,147.2,17089.92
191,2023-09-04 15:00,122.1,249.18,126.68,0,0,1,147.2,17973.12
192,2023-09-04 16:00,176.6,246.09,69.19,0,0,1,147.2,25995.52
193,2023-09-04 17:00,188.5,227.18,38.91,0,0,1,147.2,27747.2
194,2023-09-04 18:00,198.2,204.37,7.13,0,0,1,116.5,23090.3
195,2023-09-04 19:00,193.7,192.89,0,0,0,1,116.5,22566.05
196,2023-09-04 20:00,179.8,179.35,0,0,0,1,116.5,20946.7
197,2023-09-04 21:00,130.8,129.22,0,0,0,1,116.5,15238.2
198,2023-09-04 22:00,94.2,94.86,0,0,0,1,94,8854.8
199,2023-09-04 23:00,58.3,58.99,0,0,0,1,94,5480.2
200,2023-09-05 0:00,42.3,39.67,0,0,0,1,94,3976.2
201,2023-09-05 1:00,32.1,30.82,0,0,0,1,94,3017.4
202,2023-09-05 2:00,43,44.08,0,0,0,1,94,4042
203,2023-09-05 3:00,43.4,44.42,0,0,0,1,94,4079.6
204,2023-09-05 4:00,76.7,77.21,0,0,0,1,94,7209.8
205,2023-09-05 5:00,95.5,94.77,0,0,0,1,94,8977
206,2023-09-05 6:00,99.5,101.8,0.99,0,0,1,94,9353
207,2023-09-05 7:00,100.1,121.07,20.11,0,0,1,94,9409.4
208,2023-09-05 8:00,83.6,164.5,80.39,0,0,1,94,7858.4
209,2023-09-05 9:00,95.3,214.91,118.33,0,0,1,116.5,11102.45
210,2023-09-05 10:00,111.9,234.66,121.54,0,0,1,116.5,13036.35
211,2023-09-05 11:00,51.2,165.08,158.99,0,0,1,116.5,5964.8
212,2023-09-05 12:00,91.9,237.78,145.67,0,0,1,116.5,10706.35
213,2023-09-05 13:00,127.7,245.18,117.11,0,0,1,116.5,14877.05
214,2023-09-05 14:00,106.3,248.06,140.91,0,0,1,147.2,15647.36
215,2023-09-05 15:00,174,247.75,73.97,0,0,1,147.2,25612.8
216,2023-09-05 16:00,203.9,246.07,42.02,0,0,1,147.2,30014.08
217,2023-09-05 17:00,206.2,225.86,20.89,0,0,1,147.2,30352.64
218,2023-09-05 18:00,203.1,204.22,2.12,0,0,1,116.5,23661.15
219,2023-09-05 19:00,194.6,194.62,0,0,0,1,116.5,22670.9
220,2023-09-05 20:00,182.1,182.3,0,0,0,1,116.5,21214.65
221,2023-09-05 21:00,137.3,136.76,0,0,0,1,116.5,15995.45
222,2023-09-05 22:00,100.9,101.22,0,0,0,1,94,9484.6
223,2023-09-05 23:00,67.3,66.19,0,0,0,1,94,6326.2
224,2023-09-06 0:00,47.7,46.21,0,0,0,1,94,4483.8
225,2023-09-06 1:00,32.6,30.91,0,0,0,1,94,3064.4
226,2023-09-06 2:00,43.3,44.27,0,0,0,1,94,4070.2
227,2023-09-06 3:00,43.7,44.54,0,0,0,1,94,4107.8
228,2023-09-06 4:00,72.4,73.08,0,0,0,1,94,6805.6
229,2023-09-06 5:00,88.6,87.91,0,0,0,1,94,8328.4
230,2023-09-06 6:00,91.3,95.05,2.71,0,0,1,94,8582.2
231,2023-09-06 7:00,80.9,115.04,32.67,0,0,1,94,7604.6
232,2023-09-06 8:00,81.8,164.28,82.36,0,0,1,94,7689.2
233,2023-09-06 9:00,87.4,215.7,126.42,0,0,1,116.5,10182.1
234,2023-09-06 10:00,78.5,238.29,157.78,0,0,1,116.5,9145.25
235,2023-09-06 11:00,71.8,248.18,174.98,0,0,1,116.5,8364.7
236,2023-09-06 12:00,82.3,247.51,164.07,0,0,1,116.5,9587.95
237,2023-09-06 13:00,113.5,246.69,132.63,0,0,1,116.5,13222.75
238,2023-09-06 14:00,102.6,252.84,147.46,0,0,1,147.2,15102.72
239,2023-09-06 15:00,119.6,247.5,127.25,0,0,1,147.2,17605.12
240,2023-09-06 16:00,152.9,246.02,91.14,0,0,1,147.2,22506.88
241,2023-09-06 17:00,192.9,225.56,32.38,0,0,1,147.2,28394.88
242,2023-09-06 18:00,202.5,202.97,0.73,0,0,1,116.5,23591.25
243,2023-09-06 19:00,193.1,192.12,0,0,0,1,116.5,22496.15
244,2023-09-06 20:00,179.8,178.99,0,0,0,1,116.5,20946.7
245,2023-09-06 21:00,137,135.53,0,0,0,1,116.5,15960.5
246,2023-09-06 22:00,102.1,102.89,0,0,0,1,94,9597.4
247,2023-09-06 23:00,66.6,66.58,0,0,0,1,94,6260.4
248,2023-09-07 0:00,50.1,48.25,0,0,0,1,94,4709.4
249,2023-09-07 1:00,41.1,38.89,0,0,0,1,94,3863.4
250,2023-09-07 2:00,50.4,51.38,0,0,0,1,94,4737.6
251,2023-09-07 3:00,44.1,44.68,0,0,0,1,94,4145.4
252,2023-09-07 4:00,71.7,72.7,0,0,0,1,94,6739.8
253,2023-09-07 5:00,89.2,88,0,0,0,1,94,8384.8
254,2023-09-07 6:00,93.4,94.72,0.18,0,0,1,94,8779.6
255,2023-09-07 7:00,98,113.94,13.96,0,0,1,94,9212
256,2023-09-07 8:00,94.9,161.41,65.42,0,0,1,94,8920.6
257,2023-09-07 9:00,81.3,214.09,130.45,0,0,1,116.5,9471.45
258,2023-09-07 10:00,70.9,235.31,164.28,0,0,1,116.5,8259.85
259,2023-09-07 11:00,64.5,245.99,181.88,0,0,1,116.5,7514.25
260,2023-09-07 12:00,55.2,246.17,189.55,0,0,1,116.5,6430.8
261,2023-09-07 13:00,59.9,245.82,183.64,0,0,1,116.5,6978.35
262,2023-09-07 14:00,83.4,246.01,163.5,0,0,1,147.2,12276.48
263,2023-09-07 15:00,111.6,245.98,132.6,0,0,1,147.2,16427.52
264,2023-09-07 16:00,153.6,240.41,87.9,0,0,1,147.2,22609.92
265,2023-09-07 17:00,187.6,216.93,35.3,0,0,1,147.2,27614.72
266,2023-09-07 18:00,198.8,202.5,3.1,0,0,1,116.5,23160.2
267,2023-09-07 19:00,192.2,188.46,0,0,0,1,116.5,22391.3
268,2023-09-07 20:00,173.4,169.13,0,0,0,1,116.5,20201.1
269,2023-09-07 21:00,128,121.7,0,0,0,1,116.5,14912
270,2023-09-07 22:00,94.2,88.27,0,0,0,1,94,8854.8
271,2023-09-07 23:00,58.2,58.37,0,0,0,1,94,5470.8
272,2023-09-08 0:00,40.8,32.93,0,0,0,1,94,3835.2
273,2023-09-08 1:00,32.1,30.26,0,0,0,1,94,3017.4
274,2023-09-08 2:00,43.2,42.64,0,0,0,1,94,4060.8
275,2023-09-08 3:00,43.9,44.91,0,0,0,1,94,4126.6
276,2023-09-08 4:00,74.3,73.26,0,0,0,1,94,6984.2
277,2023-09-08 5:00,94.6,88.04,0,0,0,1,94,8892.4
278,2023-09-08 6:00,100.3,97.9,0.1,0,0,1,94,9428.2
279,2023-09-08 7:00,94.7,117.28,24.7,0,0,1,94,8901.8
280,2023-09-08 8:00,81.2,159.58,84,0,0,1,94,7632.8
281,2023-09-08 9:00,79.8,206.16,130.8,0,0,1,116.5,9296.7
282,2023-09-08 10:00,67.9,230.15,164.9,0,0,1,116.5,7910.35
283,2023-09-08 11:00,62.3,246.01,183.3,0,0,1,116.5,7257.95
284,2023-09-08 12:00,55.9,245.78,189.1,0,0,1,116.5,6512.35
285,2023-09-08 13:00,62,245.97,181.7,0,0,1,116.5,7223
286,2023-09-08 14:00,87.7,245.9,159.5,0,0,1,147.2,12909.44
287,2023-09-08 15:00,113.5,245.97,131.2,0,0,1,147.2,16707.2
288,2023-09-08 16:00,155.7,241.3,85.9,0,0,1,147.2,22919.04
289,2023-09-08 17:00,189.6,217.19,34.3,0,0,1,147.2,27909.12
290,2023-09-08 18:00,200.3,203.03,2.6,0,0,1,116.5,23334.95
291,2023-09-08 19:00,192.2,187.74,0,0,0,1,116.5,22391.3
292,2023-09-08 20:00,178.9,173.97,0,0,0,1,116.5,20841.85
293,2023-09-08 21:00,136.2,131.34,0,0,0,1,116.5,15867.3
294,2023-09-08 22:00,101.3,101.2,0,0,0,1,94,9522.2
295,2023-09-08 23:00,65.3,59.29,0,0,0,1,94,6138.2
296,2023-09-09 0:00,46.4,44.56,0,0,0,0,94,4361.6
297,2023-09-09 1:00,46.3,44.13,0,0,0,0,94,4352.2
298,2023-09-09 2:00,39.8,33.07,0,0,0,0,94,3741.2
299,2023-09-09 3:00,39.9,32.37,0,0,0,0,94,3750.6
300,2023-09-09 4:00,40.1,33.35,0,0,0,0,94,3769.4
301,2023-09-09 5:00,38.6,31.74,0,0,0,0,94,3628.4
302,2023-09-09 6:00,40.8,36.48,0.4,0,0,0,94,3835.2
303,2023-09-09 7:00,13.4,39.47,29.4,0,0,0,94,1259.6
304,2023-09-09 8:00,0,42.51,81,0,0,0,94,0
305,2023-09-09 9:00,0,44.4,127.4,0,0,0,116.5,0
306,2023-09-09 10:00,0,46.59,161,0,0,0,116.5,0
307,2023-09-09 11:00,3.7,51.85,132.8,0,0,0,116.5,431.05
308,2023-09-09 12:00,4,57.2,117.8,0,0,0,116.5,466
309,2023-09-09 13:00,2.5,57.91,124.8,0,0,0,116.5,291.25
310,2023-09-09 14:00,6,54.78,89.7,0,0,0,147.2,883.2
311,2023-09-09 15:00,5.9,54.38,95.8,0,0,0,147.2,868.48
312,2023-09-09 16:00,0,54.25,83.7,0,0,0,147.2,0
313,2023-09-09 17:00,26.2,51.36,27.4,0,0,0,147.2,3856.64
314,2023-09-09 18:00,53.2,49.28,2,0,0,0,116.5,6197.8
315,2023-09-09 19:00,54.3,46.35,0,0,0,0,116.5,6325.95
316,2023-09-09 20:00,54.1,45.86,0,0,0,0,116.5,6302.65
317,2023-09-09 21:00,51.1,44.42,0,0,0,0,116.5,5953.15
318,2023-09-09 22:00,50.3,44.35,0,0,0,0,94,4728.2
319,2023-09-09 23:00,48,44.42,0,0,0,0,94,4512
320,2023-09-10 0:00,47.7,44.38,0,0,0,0,94,4483.8
321,2023-09-10 1:00,47.8,44.38,0,0,0,0,94,4493.2
322,2023-09-10 2:00,45.3,44.33,0,0,0,0,94,4258.2
323,2023-09-10 3:00,45.6,44.39,0,0,0,0,94,4286.4
324,2023-09-10 4:00,44.9,44.27,0,0,0,0,94,4220.6
325,2023-09-10 5:00,37.1,30.67,0,0,0,0,94,3487.4
326,2023-09-10 6:00,39.7,34.46,0.2,0,0,0,94,3731.8
327,2023-09-10 7:00,22.4,39.9,19.5,0,0,0,94,2105.6
328,2023-09-10 8:00,7.6,40.18,61.2,0,0,0,94,714.4
329,2023-09-10 9:00,0,44.36,120.4,0,0,0,116.5,0
330,2023-09-10 10:00,0,44.37,157.6,0,0,0,116.5,0
331,2023-09-10 11:00,0,45.44,143.2,0,0,0,116.5,0
332,2023-09-10 12:00,0.9,54.81,99.1,0,0,0,116.5,104.85
333,2023-09-10 13:00,0,57.54,180,0,0,0,116.5,0
334,2023-09-10 14:00,0,55.65,113.8,0,0,0,147.2,0
335,2023-09-10 15:00,0,56.09,128.2,0,0,0,147.2,0
336,2023-09-10 16:00,0.8,54.05,78.9,0,0,0,147.2,117.76
337,2023-09-10 17:00,22.1,52.68,32.3,0,0,0,147.2,3253.12
338,2023-09-10 18:00,51.5,50.68,3.6,0,0,0,116.5,5999.75
339,2023-09-10 19:00,53,44.82,0,0,0,0,116.5,6174.5
340,2023-09-10 20:00,53.6,45.17,0,0,0,0,116.5,6244.4
341,2023-09-10 21:00,47.2,44.5,0,0,0,0,116.5,5498.8
342,2023-09-10 22:00,44.2,42.28,0,0,0,0,94,4154.8
343,2023-09-10 23:00,41.9,37.85,0,0,0,0,94,3938.6
344,2023-09-11 0:00,42,37.08,0,0,0,1,94,3948
345,2023-09-11 1:00,32.6,29.96,0,0,0,1,94,3064.4
346,2023-09-11 2:00,43.1,42.35,0,0,0,1,94,4051.4
347,2023-09-11 3:00,44.1,44.34,0,0,0,1,94,4145.4
348,2023-09-11 4:00,71.6,69.61,0,0,0,1,94,6730.4
349,2023-09-11 5:00,88.3,87.32,0,0,0,1,94,8300.2
350,2023-09-11 6:00,92.3,87.56,1.1,0,0,1,94,8676.2
351,2023-09-11 7:00,84.8,110.73,27,0,0,1,94,7971.2
352,2023-09-11 8:00,83.6,159.63,76.1,0,0,1,94,7858.4
353,2023-09-11 9:00,85,204.34,122.1,0,0,1,116.5,9902.5
354,2023-09-11 10:00,75.6,231.31,158.1,0,0,1,116.5,8807.4
355,2023-09-11 11:00,83.4,245.76,162.7,0,0,1,116.5,9716.1
356,2023-09-11 12:00,157,245.87,87.6,0,0,1,116.5,18290.5
357,2023-09-11 13:00,83.1,244.81,160.1,0,0,1,116.5,9681.15
358,2023-09-11 14:00,79.9,245.95,167.3,0,0,1,147.2,11761.28
359,2023-09-11 15:00,105.9,246.01,139,0,0,1,147.2,15588.48
360,2023-09-11 16:00,166.2,241.85,76.3,0,0,1,147.2,24464.64
361,2023-09-11 17:00,197.8,215.77,22.9,0,0,1,147.2,29116.16
362,2023-09-11 18:00,201.8,202.52,1.2,0,0,1,116.5,23509.7
363,2023-09-11 19:00,189.2,184.59,0,0,0,1,116.5,22041.8
364,2023-09-11 20:00,177.6,172.35,0,0,0,1,116.5,20690.4
365,2023-09-11 21:00,128.6,125.39,0,0,0,1,116.5,14981.9
366,2023-09-11 22:00,94.4,87.84,0,0,0,1,94,8873.6
367,2023-09-11 23:00,61.5,59.04,0,0,0,1,94,5781
368,2023-09-12 0:00,43,39.24,0,0,0,1,94,4042
369,2023-09-12 1:00,33.1,30.06,0,0,0,1,94,3111.4
370,2023-09-12 2:00,43.2,41.23,0,0,0,1,94,4060.8
371,2023-09-12 3:00,43.6,44.34,0,0,0,1,94,4098.4
372,2023-09-12 4:00,71.7,71.15,0,0,0,1,94,6739.8
373,2023-09-12 5:00,88.6,87.38,0,0,0,1,94,8328.4
374,2023-09-12 6:00,93.1,87.5,0.4,0,0,1,94,8751.4
375,2023-09-12 7:00,100.3,112.23,11.9,0,0,1,94,9428.2
376,2023-09-12 8:00,114.9,159.54,44.9,0,0,1,94,10800.6
377,2023-09-12 9:00,113.3,201.54,87.5,0,0,1,116.5,13199.45
378,2023-09-12 10:00,74.4,221.39,145.1,0,0,1,116.5,8667.6
379,2023-09-12 11:00,55.8,236.36,181.1,0,0,1,116.5,6500.7
380,2023-09-12 12:00,108,235.1,127.8,0,0,1,116.5,12582
381,2023-09-12 13:00,113.8,243.96,126.1,0,0,1,116.5,13257.7
382,2023-09-12 14:00,118.5,245.98,125,0,0,1,147.2,17443.2
383,2023-09-12 15:00,146.1,245.82,95.8,0,0,1,147.2,21505.92
384,2023-09-12 16:00,184.5,240.44,52.8,0,0,1,147.2,27158.4
385,2023-09-12 17:00,189.8,217.09,30.3,0,0,1,147.2,27938.56
386,2023-09-12 18:00,198.8,202.28,1.6,0,0,1,116.5,23160.2
387,2023-09-12 19:00,184.7,183.23,0,0,0,1,116.5,21517.55
388,2023-09-12 20:00,170.6,169.49,0,0,0,1,116.5,19874.9
389,2023-09-12 21:00,125.2,123.23,0,0,0,1,116.5,14585.8
390,2023-09-12 22:00,89.8,88.57,0,0,0,1,94,8441.2
391,2023-09-12 23:00,58.1,59.12,0,0,0,1,94,5461.4
392,2023-09-13 0:00,41.2,39.26,0,0,0,1,94,3872.8
393,2023-09-13 1:00,29,30.16,0,0,0,1,94,2726
394,2023-09-13 2:00,42.9,43.16,0,0,0,1,94,4032.6
395,2023-09-13 3:00,43.2,44.33,0,0,0,1,94,4060.8
396,2023-09-13 4:00,71.2,70.61,0,0,0,1,94,6692.8
397,2023-09-13 5:00,86.1,87.25,0,0,0,1,94,8093.4
398,2023-09-13 6:00,88.6,87.93,0.1,0,0,1,94,8328.4
399,2023-09-13 7:00,97.9,111.51,10.6,0,0,1,94,9202.6
400,2023-09-13 8:00,126.6,158.83,28.3,0,0,1,94,11900.4
401,2023-09-13 9:00,129.5,203.37,72.7,0,0,1,116.5,15086.75
402,2023-09-13 10:00,165.2,226.65,59.2,0,0,1,116.5,19245.8
403,2023-09-13 11:00,199.2,233.84,36.2,0,0,1,116.5,23206.8
404,2023-09-13 12:00,186,232.58,48,0,0,1,116.5,21669
405,2023-09-13 13:00,185.6,231.98,48,0,0,1,116.5,21622.4
406,2023-09-13 14:00,181.9,237.64,54.9,0,0,1,147.2,26775.68
407,2023-09-13 15:00,198.1,232.95,35.3,0,0,1,147.2,29160.32
408,2023-09-13 16:00,222,231.47,9.2,0,0,1,147.2,32678.4
409,2023-09-13 17:00,214.2,216.56,0.1,0,0,1,147.2,31530.24
410,2023-09-13 18:00,193,190.46,0,0,0,1,116.5,22484.5
411,2023-09-13 19:00,184.3,182.45,0,0,0,1,116.5,21470.95
412,2023-09-13 20:00,168.9,166.47,0,0,0,1,116.5,19676.85
413,2023-09-13 21:00,125.2,121.48,0,0,0,1,116.5,14585.8
414,2023-09-13 22:00,88.7,89.4,0,0,0,1,94,8337.8
415,2023-09-13 23:00,57.1,58.18,0,0,0,1,94,5367.4
416,2023-09-14 0:00,38.3,33.05,0,0,0,1,94,3600.2
417,2023-09-14 1:00,28.8,29.94,0,0,0,1,94,2707.2
418,2023-09-14 2:00,42.7,40.24,0,0,0,1,94,4013.8
419,2023-09-14 3:00,43.8,44.04,0,0,0,1,94,4117.2
420,2023-09-14 4:00,71.6,69.67,0,0,0,1,94,6730.4
421,2023-09-14 5:00,86.4,87.56,0,0,0,1,94,8121.6
422,2023-09-14 6:00,87.2,88.02,0,0,0,1,94,8196.8
423,2023-09-14 7:00,100.7,107.42,7.2,0,0,1,94,9465.8
424,2023-09-14 8:00,125.6,159.52,27.5,0,0,1,94,11806.4
425,2023-09-14 9:00,154.3,201.82,45.3,0,0,1,116.5,17975.95
426,2023-09-14 10:00,186.6,227.78,37,0,0,1,116.5,21738.9
427,2023-09-14 11:00,168.8,235.44,65,0,0,1,116.5,19665.2
428,2023-09-14 12:00,180.8,233.6,52.1,0,0,1,116.5,21063.2
429,2023-09-14 13:00,198.9,231.57,32.5,0,0,1,116.5,23171.85
430,2023-09-14 14:00,202.2,238.74,33.6,0,0,1,147.2,29763.84
431,2023-09-14 15:00,212.1,232.75,19.8,0,0,1,147.2,31221.12
432,2023-09-14 16:00,227.5,231.26,4.4,0,0,1,147.2,33488
433,2023-09-14 17:00,211.1,217.27,2.3,0,0,1,147.2,31073.92
434,2023-09-14 18:00,194.9,192.05,0,0,0,1,116.5,22705.85
435,2023-09-14 19:00,183.5,180.27,0,0,0,1,116.5,21377.75
436,2023-09-14 20:00,171.5,166.8,0,0,0,1,116.5,19979.75
437,2023-09-14 21:00,126.5,121.51,0,0,0,1,116.5,14737.25
438,2023-09-14 22:00,86.8,87.94,0,0,0,1,94,8159.2
439,2023-09-14 23:00,58.1,59.15,0,0,0,1,94,5461.4
440,2023-09-15 0:00,37.5,32.45,0,0,0,1,94,3525
441,2023-09-15 1:00,29,30.07,0,0,0,1,94,2726
442,2023-09-15 2:00,42.9,40.15,0,0,0,1,94,4032.6
443,2023-09-15 3:00,43.2,44.35,0,0,0,1,94,4060.8
444,2023-09-15 4:00,71.2,66.75,0,0,0,1,94,6692.8
445,2023-09-15 5:00,86.2,87.27,0,0,0,1,94,8102.8
446,2023-09-15 6:00,86.6,87.64,0,0,0,1,94,8140.4
447,2023-09-15 7:00,111.3,106.24,0,0,0,1,94,10462.2
448,2023-09-15 8:00,157.7,158.53,0,0,0,1,94,14823.8
449,2023-09-15 9:00,189.3,202.54,8.7,0,0,1,116.5,22053.45
450,2023-09-15 10:00,180.6,224.06,40.7,0,0,1,116.5,21039.9
451,2023-09-15 11:00,125.6,233.75,107.3,0,0,1,116.5,14632.4
452,2023-09-15 12:00,55,233.27,178.9,0,0,1,116.5,6407.5
453,2023-09-15 13:00,112,233.4,120.5,0,0,1,116.5,13048
454,2023-09-15 14:00,134.4,241.59,103.5,0,0,1,147.2,19783.68
455,2023-09-15 15:00,202.1,245.78,39.6,0,0,1,147.2,29749.12
456,2023-09-15 16:00,211.9,244.56,25.6,0,0,1,147.2,31191.68
457,2023-09-15 17:00,206.6,218.47,9.8,0,0,1,147.2,30411.52
458,2023-09-15 18:00,193.3,191.3,0,0,0,1,116.5,22519.45
459,2023-09-15 19:00,185.9,182.47,0,0,0,1,116.5,21657.35
460,2023-09-15 20:00,172.6,171.48,0,0,0,1,116.5,20107.9
461,2023-09-15 21:00,129.7,127.69,0,0,0,1,116.5,15110.05
462,2023-09-15 22:00,88.9,88.48,0,0,0,1,94,8356.6
463,2023-09-15 23:00,56.9,57.83,0,0,0,1,94,5348.6
464,2023-09-16 0:00,40.5,36.59,0,0,0,0,94,3807
465,2023-09-16 1:00,41.6,37.33,0,0,0,0,94,3910.4
466,2023-09-16 2:00,36.9,33.49,0,0,0,0,94,3468.6
467,2023-09-16 3:00,36.8,33.06,0,0,0,0,94,3459.2
468,2023-09-16 4:00,36.8,33.16,0,0,0,0,94,3459.2
469,2023-09-16 5:00,31.2,30.17,0,0,0,0,94,2932.8
470,2023-09-16 6:00,35,32.27,0,0,0,0,94,3290
471,2023-09-16 7:00,31.7,35.23,1.2,0,0,0,94,2979.8
472,2023-09-16 8:00,12,39.53,29.5,0,0,0,94,1128
473,2023-09-16 9:00,2.1,44.35,64.8,0,0,0,116.5,244.65
474,2023-09-16 10:00,12.9,44.36,51.7,0,0,0,116.5,1502.85
475,2023-09-16 11:00,38.4,44.37,4.1,0,0,0,116.5,4473.6
476,2023-09-16 12:00,18.1,44.37,28.2,0,0,0,116.5,2108.65
477,2023-09-16 13:00,43,44.38,0.9,0,0,0,116.5,5009.5
478,2023-09-16 14:00,43.3,44.35,0,0,0,0,147.2,6373.76
479,2023-09-16 15:00,35.9,44.37,6.6,0,0,0,147.2,5284.48
480,2023-09-16 16:00,26.3,44.42,16.6,0,0,0,147.2,3871.36
481,2023-09-16 17:00,25.6,44.36,17,0,0,0,147.2,3768.32
482,2023-09-16 18:00,43.3,44.35,0,0,0,0,116.5,5044.45
483,2023-09-16 19:00,43.2,44.4,0,0,0,0,116.5,5032.8
484,2023-09-16 20:00,43.2,44.32,0,0,0,0,116.5,5032.8
485,2023-09-16 21:00,43.2,44.4,0,0,0,0,116.5,5032.8
486,2023-09-16 22:00,43.1,41.77,0,0,0,0,94,4051.4
487,2023-09-16 23:00,41.1,34.46,0,0,0,0,94,3863.4
488,2023-09-17 0:00,39.7,33.72,0,0,0,0,94,3731.8
489,2023-09-17 1:00,40,33.77,0,0,0,0,94,3760
490,2023-09-17 2:00,34.1,31.23,0,0,0,0,94,3205.4
491,2023-09-17 3:00,33.3,30.17,0,0,0,0,94,3130.2
492,2023-09-17 4:00,32.2,30.76,0,0,0,0,94,3026.8
493,2023-09-17 5:00,30.4,29.96,0,0,0,0,94,2857.6
494,2023-09-17 6:00,32.4,30.18,0.6,0,0,0,94,3045.6
495,2023-09-17 7:00,9.9,33.34,22.6,0,0,0,94,930.6
496,2023-09-17 8:00,5.1,40.85,32.1,0,0,0,94,479.4
497,2023-09-17 9:00,0,44.35,67.9,0,0,0,116.5,0
498,2023-09-17 10:00,0,44.37,75.8,0,0,0,116.5,0
499,2023-09-17 11:00,0,44.37,85.6,0,0,0,116.5,0
500,2023-09-17 12:00,0,44.58,138.5,0,0,0,116.5,0
501,2023-09-17 13:00,0,44.82,97.5,0,0,0,116.5,0
502,2023-09-17 14:00,0,44.43,91.7,0,0,0,147.2,0
503,2023-09-17 15:00,0,44.49,82.7,0,0,0,147.2,0
504,2023-09-17 16:00,4.1,44.5,53.5,0,0,0,147.2,603.52
505,2023-09-17 17:00,8.7,44.42,38.6,0,0,0,147.2,1280.64
506,2023-09-17 18:00,41,44.4,2.1,0,0,0,116.5,4776.5
507,2023-09-17 19:00,43.4,44.33,0,0,0,0,116.5,5056.1
508,2023-09-17 20:00,43.2,44.38,0,0,0,0,116.5,5032.8
509,2023-09-17 21:00,43.2,44.34,0,0,0,0,116.5,5032.8
510,2023-09-17 22:00,43.2,44.11,0,0,0,0,94,4060.8
511,2023-09-17 23:00,40.8,36.57,0,0,0,0,94,3835.2
512,2023-09-18 0:00,40.9,33.75,0,0,0,1,94,3844.6
513,2023-09-18 1:00,28.9,30.12,0,0,0,1,94,2716.6
514,2023-09-18 2:00,43.2,43.99,0,0,0,1,94,4060.8
515,2023-09-18 3:00,43.2,44.33,0,0,0,1,94,4060.8
516,2023-09-18 4:00,71.8,72,0,0,0,1,94,6749.2
517,2023-09-18 5:00,86.4,87.54,0,0,0,1,94,8121.6
518,2023-09-18 6:00,87.1,88.38,0,0,0,1,94,8187.4
519,2023-09-18 7:00,100,111.19,9.2,0,0,1,94,9400
520,2023-09-18 8:00,91.2,159.55,62.5,0,0,1,94,8572.8
521,2023-09-18 9:00,83.5,200.88,114.1,0,0,1,116.5,9727.75
522,2023-09-18 10:00,93.7,222.33,125,0,0,1,116.5,10916.05
523,2023-09-18 11:00,54.7,238.95,182.5,0,0,1,116.5,6372.55
524,2023-09-18 12:00,71,246.06,169.4,0,0,1,116.5,8271.5
525,2023-09-18 13:00,96.1,245.71,144.1,0,0,1,116.5,11195.65
526,2023-09-18 14:00,142.7,245.97,100.1,0,0,1,147.2,21005.44
527,2023-09-18 15:00,144.6,246.1,96.3,0,0,1,147.2,21285.12
528,2023-09-18 16:00,162.6,243.06,74.6,0,0,1,147.2,23934.72
529,2023-09-18 17:00,195.3,217.79,22.8,0,0,1,147.2,28748.16
530,2023-09-18 18:00,199.5,201.24,0.1,0,0,1,116.5,23241.75
531,2023-09-18 19:00,183.8,183.26,0,0,0,1,116.5,21412.7
532,2023-09-18 20:00,162.9,161.72,0,0,0,1,116.5,18977.85
533,2023-09-18 21:00,122.5,120.59,0,0,0,1,116.5,14271.25
534,2023-09-18 22:00,87.8,87.67,0,0,0,1,94,8253.2
535,2023-09-18 23:00,58,59.08,0,0,0,1,94,5452
536,2023-09-19 0:00,40.9,34.89,0,0,0,1,94,3844.6
537,2023-09-19 1:00,28.8,30.05,0,0,0,1,94,2707.2
538,2023-09-19 2:00,42.9,43.53,0,0,0,1,94,4032.6
539,2023-09-19 3:00,43.2,44.35,0,0,0,1,94,4060.8
540,2023-09-19 4:00,71.6,71.04,0,0,0,1,94,6730.4
541,2023-09-19 5:00,86.2,87.36,0,0,0,1,94,8102.8
542,2023-09-19 6:00,86.5,87.56,0,0,0,1,94,8131
543,2023-09-19 7:00,99.8,109.53,6.3,0,0,1,94,9381.2
544,2023-09-19 8:00,126.3,158.91,26.1,0,0,1,94,11872.2
545,2023-09-19 9:00,151.2,202.24,47.9,0,0,1,116.5,17614.8
546,2023-09-19 10:00,139,226.52,82.9,0,0,1,116.5,16193.5
547,2023-09-19 11:00,155,235.13,78.7,0,0,1,116.5,18057.5
548,2023-09-19 12:00,131.1,233.57,102.3,0,0,1,116.5,15273.15
549,2023-09-19 13:00,127.4,232.06,105,0,0,1,116.5,14842.1
550,2023-09-19 14:00,102.5,239.2,133.3,0,0,1,147.2,15088
551,2023-09-19 15:00,114.5,232.36,120.1,0,0,1,147.2,16854.4
552,2023-09-19 16:00,185.9,231.51,50.1,0,0,1,147.2,27364.48
553,2023-09-19 17:00,192.6,203.49,25.7,0,0,1,147.2,28350.72
554,2023-09-19 18:00,192.8,187.55,1,0,0,1,116.5,22461.2
555,2023-09-19 19:00,184,172.84,0,0,0,1,116.5,21436
556,2023-09-19 20:00,170.4,162.17,0,0,0,1,116.5,19851.6
557,2023-09-19 21:00,125.4,116.36,0,0,0,1,116.5,14609.1
558,2023-09-19 22:00,87.2,87.86,0,0,0,1,94,8196.8
559,2023-09-19 23:00,57.9,58.96,0,0,0,1,94,5442.6
560,2023-09-20 0:00,39.9,30.16,0,0,0,1,94,3750.6
561,2023-09-20 1:00,28.8,30.01,0,0,0,1,94,2707.2
562,2023-09-20 2:00,43,29.96,0,0,0,1,94,4042
563,2023-09-20 3:00,43.3,30.08,0,0,0,1,94,4070.2
564,2023-09-20 4:00,71.9,58.72,0,0,0,1,94,6758.6
565,2023-09-20 5:00,86.2,86.94,0,0,0,1,94,8102.8
566,2023-09-20 6:00,86.5,87.64,0,0,0,1,94,8131
567,2023-09-20 7:00,110.3,103.59,0.1,0,0,1,94,10368.2
568,2023-09-20 8:00,144.1,144.58,7.7,0,0,1,94,13545.4
569,2023-09-20 9:00,180.6,202.42,19,0,0,1,116.5,21039.9
570,2023-09-20 10:00,200.3,220.28,21.7,0,0,1,116.5,23334.95
571,2023-09-20 11:00,212.3,231.49,22,0,0,1,116.5,24732.95
572,2023-09-20 12:00,226.4,231.65,6.6,0,0,1,116.5,26375.6
573,2023-09-20 13:00,214.6,231.44,16.4,0,0,1,116.5,25000.9
574,2023-09-20 14:00,216.2,231.57,18.9,0,0,1,147.2,31824.64
575,2023-09-20 15:00,223.9,231.69,10.4,0,0,1,147.2,32958.08
576,2023-09-20 16:00,229.9,231.5,2.1,0,0,1,147.2,33841.28
577,2023-09-20 17:00,214.6,203.08,0.7,0,0,1,147.2,31589.12
578,2023-09-20 18:00,195.2,182.6,0,0,0,1,116.5,22740.8
579,2023-09-20 19:00,186,174.16,0,0,0,1,116.5,21669
580,2023-09-20 20:00,172.5,167.18,0,0,0,1,116.5,20096.25
581,2023-09-20 21:00,128.9,116.95,0,0,0,1,116.5,15016.85
582,2023-09-20 22:00,89.4,87.98,0,0,0,1,94,8403.6
583,2023-09-20 23:00,58.1,59.18,0,0,0,1,94,5461.4
584,2023-09-21 0:00,42.3,30.17,0,0,0,1,94,3976.2
585,2023-09-21 1:00,29.1,29.96,0,0,0,1,94,2735.4
586,2023-09-21 2:00,42.8,29.97,0,0,0,1,94,4023.2
587,2023-09-21 3:00,43.2,30,0,0,0,1,94,4060.8
588,2023-09-21 4:00,71.4,58.37,0,0,0,1,94,6711.6
589,2023-09-21 5:00,86.1,86.97,0,0,0,1,94,8093.4
590,2023-09-21 6:00,86.5,87.49,0,0,0,1,94,8131
591,2023-09-21 7:00,110.6,101.43,0,0,0,1,94,10396.4
592,2023-09-21 8:00,130.6,143.42,21.4,0,0,1,94,12276.4
593,2023-09-21 9:00,179.6,201.96,18,0,0,1,116.5,20923.4
594,2023-09-21 10:00,199.5,214.8,22.2,0,0,1,116.5,23241.75
595,2023-09-21 11:00,169.5,231.45,62.2,0,0,1,116.5,19746.75
596,2023-09-21 12:00,151.2,231.53,80.9,0,0,1,116.5,17614.8
597,2023-09-21 13:00,154,231.55,76.5,0,0,1,116.5,17941
598,2023-09-21 14:00,186.7,231.51,47.8,0,0,1,147.2,27482.24
599,2023-09-21 15:00,191.3,230.93,41.7,0,0,1,147.2,28159.36
600,2023-09-21 16:00,221.6,232.1,7.2,0,0,1,147.2,32619.52
601,2023-09-21 17:00,208.3,202.05,3.4,0,0,1,147.2,30661.76
602,2023-09-21 18:00,188.7,173.94,0,0,0,1,116.5,21983.55
603,2023-09-21 19:00,181.3,174.13,0,0,0,1,116.5,21121.45
604,2023-09-21 20:00,168.1,154.81,0,0,0,1,116.5,19583.65
605,2023-09-21 21:00,122.9,115.66,0,0,0,1,116.5,14317.85
606,2023-09-21 22:00,86,86.8,0,0,0,1,94,8084
607,2023-09-21 23:00,57.6,58.7,0,0,0,1,94,5414.4
608,2023-09-22 0:00,38.3,29.8,0,0,0,1,94,3600.2
609,2023-09-22 1:00,28.9,30.01,0,0,0,1,94,2716.6
610,2023-09-22 2:00,43.1,29.99,0,0,0,1,94,4051.4
611,2023-09-22 3:00,43.8,30.57,0,0,0,1,94,4117.2
612,2023-09-22 4:00,72.3,59.29,0,0,0,1,94,6796.2
613,2023-09-22 5:00,86.4,87.56,0,0,0,1,94,8121.6
614,2023-09-22 6:00,85.8,87.54,0.7,0,0,1,94,8065.2
615,2023-09-22 7:00,87.3,94.41,18.3,0,0,1,94,8206.2
616,2023-09-22 8:00,91.7,147.78,62.5,0,0,1,94,8619.8
617,2023-09-22 9:00,64.4,202.75,134,0,0,1,116.5,7502.6
618,2023-09-22 10:00,63,221.9,158.1,0,0,1,116.5,7339.5
619,2023-09-22 11:00,89.4,231.91,144.8,0,0,1,116.5,10415.1
620,2023-09-22 12:00,77.2,231.62,155.8,0,0,1,116.5,8993.8
621,2023-09-22 13:00,99.5,231.65,132.8,0,0,1,116.5,11591.75
622,2023-09-22 14:00,82.8,231.56,152.9,0,0,1,147.2,12188.16
623,2023-09-22 15:00,102.8,231.45,130.6,0,0,1,147.2,15132.16
624,2023-09-22 16:00,153,231.44,77.1,0,0,1,147.2,22521.6
625,2023-09-22 17:00,190.4,203.11,20.3,0,0,1,147.2,28026.88
626,2023-09-22 18:00,192,177.53,0,0,0,1,116.5,22368
627,2023-09-22 19:00,184.4,173.33,0,0,0,1,116.5,21482.6
628,2023-09-22 20:00,169.8,157.64,0,0,0,1,116.5,19781.7
629,2023-09-22 21:00,126.2,116.81,0,0,0,1,116.5,14702.3
630,2023-09-22 22:00,86.9,87.96,0,0,0,1,94,8168.6
631,2023-09-22 23:00,58,58.85,0,0,0,1,94,5452
632,2023-09-23 0:00,39.9,29.92,0,0,0,0,94,3750.6
633,2023-09-23 1:00,35.2,29.9,0,0,0,0,94,3308.8
634,2023-09-23 2:00,31.3,29.92,0,0,0,0,94,2942.2
635,2023-09-23 3:00,30.9,29.91,0,0,0,0,94,2904.6
636,2023-09-23 4:00,30.9,29.92,0,0,0,0,94,2904.6
637,2023-09-23 5:00,29.6,29.94,0,0,0,0,94,2782.4
638,2023-09-23 6:00,30.8,29.98,0.8,0,0,0,94,2895.2
639,2023-09-23 7:00,22.3,29.99,10.6,0,0,0,94,2096.2
640,2023-09-23 8:00,1.7,29.96,60,0,0,0,94,159.8
641,2023-09-23 9:00,0,29.81,100.7,0,0,0,116.5,0
642,2023-09-23 10:00,0,30.03,117.5,0,0,0,116.5,0
643,2023-09-23 11:00,0,29.7,122.4,0,0,0,116.5,0
644,2023-09-23 12:00,0,30.12,85.5,0,0,0,116.5,0
645,2023-09-23 13:00,0,29.86,91.5,0,0,0,116.5,0
646,2023-09-23 14:00,0,30.02,91.5,0,0,0,147.2,0
647,2023-09-23 15:00,8.9,29.94,45,0,0,0,147.2,1310.08
648,2023-09-23 16:00,17,29.96,41.9,0,0,0,147.2,2502.4
649,2023-09-23 17:00,39.1,29.98,3.4,0,0,0,147.2,5755.52
650,2023-09-23 18:00,43.2,29.89,0,0,0,0,116.5,5032.8
651,2023-09-23 19:00,43.2,29.92,0,0,0,0,116.5,5032.8
652,2023-09-23 20:00,43.2,29.91,0,0,0,0,116.5,5032.8
653,2023-09-23 21:00,43.2,29.91,0,0,0,0,116.5,5032.8
654,2023-09-23 22:00,43.2,29.93,0,0,0,0,94,4060.8
655,2023-09-23 23:00,36.6,29.95,0,0,0,0,94,3440.4
656,2023-09-24 0:00,35.4,29.89,0,0,0,0,94,3327.6
657,2023-09-24 1:00,36.1,29.98,0,0,0,0,94,3393.4
658,2023-09-24 2:00,30.7,29.92,0,0,0,0,94,2885.8
659,2023-09-24 3:00,30.7,29.92,0,0,0,0,94,2885.8
660,2023-09-24 4:00,30.8,29.88,0,0,0,0,94,2895.2
661,2023-09-24 5:00,29.2,29.91,0,0,0,0,94,2744.8
662,2023-09-24 6:00,30.7,29.88,0.3,0,0,0,94,2885.8
663,2023-09-24 7:00,14.9,29.93,21.5,0,0,0,94,1400.6
664,2023-09-24 8:00,0,29.91,74.7,0,0,0,94,0
665,2023-09-24 9:00,0,29.94,117.2,0,0,0,116.5,0
666,2023-09-24 10:00,0,29.96,133,0,0,0,116.5,0
667,2023-09-24 11:00,0,29.93,160.1,0,0,0,116.5,0
668,2023-09-24 12:00,0,29.91,173.6,0,0,0,116.5,0
669,2023-09-24 13:00,0,29.93,161.5,0,0,0,116.5,0
670,2023-09-24 14:00,0,29.91,159.3,0,0,0,147.2,0
671,2023-09-24 15:00,0,29.96,113.6,0,0,0,147.2,0
672,2023-09-24 16:00,1.3,29.96,63.4,0,0,0,147.2,191.36
673,2023-09-24 17:00,25.5,29.96,15.2,0,0,0,147.2,3753.6
674,2023-09-24 18:00,43.3,29.93,0,0,0,0,116.5,5044.45
675,2023-09-24 19:00,43.3,30.07,0,0,0,0,116.5,5044.45
676,2023-09-24 20:00,43.1,29.93,0,0,0,0,116.5,5021.15
677,2023-09-24 21:00,43.3,29.96,0,0,0,0,116.5,5044.45
678,2023-09-24 22:00,43,29.87,0,0,0,0,94,4042
679,2023-09-24 23:00,37.6,29.94,0,0,0,0,94,3534.4
680,2023-09-25 0:00,36.1,29.93,0,0,0,1,94,3393.4
681,2023-09-25 1:00,28.8,29.94,0,0,0,1,94,2707.2
682,2023-09-25 2:00,42.5,29.92,0,0,0,1,94,3995
683,2023-09-25 3:00,43.9,30.14,0,0,0,1,94,4126.6
684,2023-09-25 4:00,71.8,58.75,0,0,0,1,94,6749.2
685,2023-09-25 5:00,86.4,87.52,0,0,0,1,94,8121.6
686,2023-09-25 6:00,86.5,87.51,0,0,0,1,94,8131
687,2023-09-25 7:00,95.8,96,11.5,0,0,1,94,9005.2
688,2023-09-25 8:00,123.5,144.63,28.4,0,0,1,94,11609
689,2023-09-25 9:00,149.2,201.71,48.1,0,0,1,116.5,17381.8
690,2023-09-25 10:00,177,212.76,43.6,0,0,1,116.5,20620.5
691,2023-09-25 11:00,178.8,231.13,52.8,0,0,1,116.5,20830.2
692,2023-09-25 12:00,113.9,231.85,118.3,0,0,1,116.5,13269.35
693,2023-09-25 13:00,141.7,231.48,89.2,0,0,1,116.5,16508.05
694,2023-09-25 14:00,157,231.54,77.9,0,0,1,147.2,23110.4
695,2023-09-25 15:00,121.5,231.54,110,0,0,1,147.2,17884.8
696,2023-09-25 16:00,200.1,231.51,28.9,0,0,1,147.2,29454.72
697,2023-09-25 17:00,207.3,202.34,5.3,0,0,1,147.2,30514.56
698,2023-09-25 18:00,189.8,175.73,0,0,0,1,116.5,22111.7
699,2023-09-25 19:00,179.7,171.39,0,0,0,1,116.5,20935.05
700,2023-09-25 20:00,169.7,156.04,0,0,0,1,116.5,19770.05
701,2023-09-25 21:00,126.8,118.41,0,0,0,1,116.5,14772.2
702,2023-09-25 22:00,85.6,87.6,0,0,0,1,94,8046.4
703,2023-09-25 23:00,46.4,45.6,0,0,0,1,94,4361.6
704,2023-10-11 22:00,74.8,114.11,15,0,0,1,94,7031.2
705,2023-10-11 23:00,0,0,0,0,0,1,94,0
706,2023-10-12 0:00,0,0,0,0,0,1,94,0
707,2023-10-12 1:00,0,0,0,0,0,1,94,0
708,2023-10-12 2:00,0,0,0,0,0,1,94,0
709,2023-10-12 3:00,0,0,0,0,0,1,94,0
710,2023-10-12 4:00,0,0,0,0,0,1,94,0
711,2023-10-12 5:00,0,0,0,0,0,1,94,0
712,2023-10-12 6:00,0,0,0,0,0,1,94,0
713,2023-10-12 7:00,0,0,0,0,0,1,94,0
714,2023-10-12 8:00,0,0,0,0,0,1,94,0
715,2023-10-12 9:00,0,0,0,0,0,1,116.5,0
716,2023-10-12 10:00,0,0,0,0,0,1,116.5,0
717,2023-10-12 11:00,-65701.8,-851.21,-25377.7,0,0,1,116.5,-7654259.7
718,2023-10-12 12:00,2.12,2,0,0,0,1,116.5,246.98
719,2023-10-12 13:00,0.32,0,0,0,0,1,116.5,37.28
720,2023-10-12 14:00,0.21,11.7,0,0.03,0,1,147.2,30.912
721,2023-10-12 15:00,0.05,0.34,0,0,0,1,147.2,7.36
722,2023-10-12 16:00,1.82,92.52,58.52,0.01,0,1,147.2,267.904
723,2023-10-12 17:00,1.85,156.57,96.55,0.01,0,1,147.2,272.32
724,2023-10-12 18:00,0.08,70.07,3.46,1.16,0,1,116.5,9.32
725,2023-10-12 19:00,0.31,123.2,0.02,0.01,0,1,116.5,36.115
726,2023-10-12 20:00,0,0,0,0,0,1,116.5,0
727,2023-10-12 21:00,0,0,0,0,0,1,116.5,0
728,2023-10-12 22:00,0,0,0,0,0,1,94,0
729,2023-10-12 23:00,0,0,0,0,0,1,94,0
730,2023-10-13 0:00,0,0,0,0,0,1,94,0
731,2023-10-13 1:00,0,0,0,0,0,1,94,0
732,2023-10-13 2:00,0,0,0,0,0,1,94,0
733,2023-10-13 3:00,0,0,0,0,0,1,94,0
734,2023-10-13 4:00,0,0,0,0,0,1,94,0
735,2023-10-13 5:00,0,0,0,0,0,1,94,0
736,2023-10-13 6:00,0,0,0,0,0,1,94,0
737,2023-10-13 7:00,0,0,0,0,0,1,94,0
738,2023-10-13 8:00,0,0,0,0,0,1,94,0
739,2023-10-13 9:00,0,0,0,0,0,1,116.5,0
740,2023-10-13 10:00,0,0,0,0,0,1,116.5,0
741,2023-10-13 11:00,0,0,0,0,0,1,116.5,0
742,2023-10-13 12:00,0,0,0,0,0,1,116.5,0
743,2023-10-13 13:00,0,0,0,0,0,1,116.5,0
744,2023-10-13 14:00,0,0,0,0,0,1,147.2,0
745,2023-10-13 15:00,0,0,0,0,0,1,147.2,0
746,2023-10-13 16:00,0,0,0,0,0,1,147.2,0
747,2023-10-13 17:00,0,0,0,0,0,1,147.2,0
748,2023-10-13 18:00,0,0,0,0,0,1,116.5,0
749,2023-10-13 19:00,0,0,0,0,0,1,116.5,0
750,2023-10-16 16:00,31.7,0,0.04,31.72,0,1,147.2,4666.24
751,2023-10-16 17:00,144.87,0,15.2,188.93,0,1,147.2,21324.864
752,2023-10-16 18:00,0,0,0,0,0,1,116.5,0
753,2023-10-16 19:00,0,0,0,0,0,1,116.5,0
754,2023-10-16 20:00,0,0,0,0,0,1,116.5,0
755,2023-10-16 21:00,0,0,0,0,0,1,116.5,0
756,2023-10-16 22:00,0,0,0,0,0,1,94,0
757,2023-10-16 23:00,0,0,0,0,0,1,94,0
758,2023-10-17 0:00,0,0,0,0,0,1,94,0
759,2023-10-17 1:00,0,0,0,0,0,1,94,0
760,2023-10-17 2:00,0,0,0,0,0,1,94,0
761,2023-10-17 3:00,0,0,0,0,0,1,94,0
762,2023-10-17 4:00,0,0,0,0,0,1,94,0
763,2023-10-17 5:00,0,0,0,0,0,1,94,0
764,2023-10-17 6:00,0,0,0,0,0,1,94,0
765,2023-10-17 14:00,-147.35,29.13,0,-193.96,0,1,147.2,-21689.92
766,2023-10-17 15:00,204.29,244.52,40.32,41.9,0,1,147.2,30071.488
767,2023-10-17 16:00,167.22,217.06,49.28,0.31,0,1,147.2,24614.784
768,2023-10-17 17:00,106.73,140.27,35.95,0.07,-30.39,1,147.2,15710.656
769,2023-10-17 18:00,111.89,0,0,109.77,0,1,116.5,13035.185
770,2023-10-17 19:00,3.98,0,0,6.04,0,1,116.5,463.67
771,2023-10-17 20:00,0,0,0,0,0,1,116.5,0
772,2023-10-17 21:00,0,0,0,0,0,1,116.5,0
773,2023-10-17 22:00,0,0,0,0,0,1,94,0
774,2023-10-17 23:00,0,0,0,0,0,1,94,0
775,2023-10-18 0:00,0,0,0,0,0,1,94,0
776,2023-10-18 1:00,0,0,0,0,0,1,94,0
777,2023-10-18 2:00,0,0,0,0,0,1,94,0
778,2023-10-18 3:00,0,0,0,0,0,1,94,0
779,2023-10-18 4:00,0,0,0,0,0,1,94,0
780,2023-10-18 5:00,0,0,0,0,0,1,94,0
781,2023-10-18 6:00,0,0,0,0,0,1,94,0
782,2023-10-18 7:00,0,0,0,0,0,1,94,0
783,2023-10-18 8:00,0,0,0,0,0,1,94,0
784,2023-10-18 9:00,0,0,0,0,0,1,116.5,0
785,2023-10-18 10:00,20.61,76.79,95.87,79.98,0,1,116.5,2401.065
786,2023-10-18 11:00,0,35.37,161.11,112.24,0,1,116.5,0
787,2023-10-18 12:00,26.88,34.49,146.08,93.54,0,1,116.5,3131.52
788,2023-10-18 13:00,0,38.28,185.5,146.54,0,1,116.5,0
789,2023-10-18 14:00,181.11,240.49,46.1,9.68,-16.67,1,147.2,26659.392
790,2023-10-18 15:00,179.12,239.8,42.41,0,-18.01,1,147.2,26366.464
791,2023-10-18 16:00,174.26,242.79,50.14,0,-17.97,1,147.2,25651.072
792,2023-10-18 17:00,189.91,241.06,32.82,0,-17.96,1,147.2,27954.752
793,2023-10-18 18:00,220.81,238.88,0.23,0,-17.98,1,116.5,25724.365
794,2023-10-18 19:00,3.33,3.34,0,0.1,-0.34,1,116.5,387.945
795,2023-10-18 20:00,0,0,0,0,0,1,116.5,0
796,2023-10-18 21:00,0,0,0,0,0,1,116.5,0
797,2023-10-18 22:00,0,0,0,0,0,1,94,0
798,2023-10-18 23:00,0,0,0,0,0,1,94,0
799,2023-10-19 0:00,0,0,0,0,0,1,94,0
800,2023-10-19 1:00,0,0,0,0,0,1,94,0
801,2023-10-19 2:00,0,0,0,0,0,1,94,0
802,2023-10-19 3:00,0,0,0,0,0,1,94,0
803,2023-10-19 4:00,0,0,0,0,0,1,94,0
804,2023-10-19 5:00,0,0,0,0,0,1,94,0
805,2023-10-19 6:00,0,0,0,0,0,1,94,0
806,2023-10-19 7:00,0,0,0,0,0,1,94,0
807,2023-10-19 8:00,0,0,0,0,0,1,94,0
808,2023-10-19 9:00,0,0,0,0,0,1,116.5,0
809,2023-10-19 10:00,0,0,0,0,0,1,116.5,0
810,2023-10-19 11:00,0,0,0,0,0,1,116.5,0
811,2023-10-19 12:00,0,0,0,0,0,1,116.5,0
812,2023-10-19 13:00,0,0,0,0,0,1,116.5,0
813,2023-10-19 14:00,0.16,0.19,0.06,0.01,0,1,147.2,23.552
814,2023-10-19 15:00,57.57,86.53,18.76,0.02,-19.48,1,147.2,8474.304
815,2023-10-19 16:00,103.92,137.91,25.74,0,-8,1,147.2,15297.024
816,2023-10-19 17:00,0,0,0,0,0,1,147.2,0
817,2023-10-19 18:00,0,0,0,0,0,1,116.5,0
818,2023-10-19 19:00,0,0,0,0,0,1,116.5,0
819,2023-10-19 20:00,0,0,0,0,0,1,116.5,0
820,2023-10-19 21:00,0,0,0,0,0,1,116.5,0
821,2023-10-19 22:00,0,0,0,0,0,1,94,0
822,2023-10-19 23:00,0,0,0,0,0,1,94,0
823,2023-10-20 0:00,0,0,0,0,0,1,94,0
824,2023-10-20 1:00,0,0,0,0,0,1,94,0
825,2023-10-20 2:00,0,0,0,0,0,1,94,0
826,2023-10-20 3:00,0,0,0,0,0,1,94,0
827,2023-10-20 4:00,0,0,0,0,0,1,94,0
828,2023-10-20 5:00,0,0,0,0,0,1,94,0
829,2023-10-20 6:00,0,0,0,0,0,1,94,0
830,2023-10-20 7:00,0,0,0,0,0,1,94,0
831,2023-10-20 8:00,0,0,0,0,0,1,94,0
832,2023-10-20 9:00,0,0,0,0,0,1,116.5,0
833,2023-10-20 10:00,0,0,0,0,0,1,116.5,0
834,2023-10-20 11:00,0,0,0,0,0,1,116.5,0
835,2023-10-20 12:00,0,0,0,0,0,1,116.5,0
836,2023-10-20 13:00,0,0,0,0,0,1,116.5,0
837,2023-10-20 14:00,0,0,0,0,0,1,147.2,0
838,2023-10-20 15:00,0,0,0,0,0,1,147.2,0
