,date,sunlight,temperature,pv,hour
0,2023-08-28 23:00:00,0.0,28.08,0.0,23
1,2023-08-29 00:00:00,0.0,28.0,0.0,0
2,2023-08-29 01:00:00,0.0,28.0,0.0,1
3,2023-08-29 02:00:00,0.0,28.0,0.0,2
4,2023-08-29 03:00:00,0.0,28.0,0.0,3
5,2023-08-29 04:00:00,0.0,28.0,0.0,4
6,2023-08-29 05:00:00,0.0,28.0,0.0,5
7,2023-08-29 06:00:00,5.03,28.0,1.6,6
8,2023-08-29 07:00:00,15.25,28.91,10.04,7
9,2023-08-29 08:00:00,42.04,29.81,30.59,8
10,2023-08-29 09:00:00,82.44,31.79,61.25,9
11,2023-08-29 10:00:00,80.76,32.69,59.51,10
12,2023-08-29 11:00:00,65.48,32.0,49.47,11
13,2023-08-29 12:00:00,16.4,28.79,7.49,12
14,2023-08-29 13:00:00,41.77,28.34,31.19,13
15,2023-08-29 14:00:00,60.06,30.26,44.32,14
16,2023-08-29 15:00:00,20.64,29.41,14.43,15
17,2023-08-29 16:00:00,30.06,29.23,21.21,16
18,2023-08-29 17:00:00,12.0,28.23,2.85,17
19,2023-08-29 18:00:00,3.95,27.88,2.23,18
20,2023-08-29 19:00:00,0.0,27.0,0.0,19
21,2023-08-29 20:00:00,0.0,27.0,0.0,20
22,2023-08-29 21:00:00,0.0,27.0,0.0,21
23,2023-08-29 22:00:00,0.0,26.56,0.0,22
24,2023-08-29 23:00:00,0.0,26.0,0.0,23
25,2023-08-30 00:00:00,0.0,26.0,0.0,0
26,2023-08-30 01:00:00,0.0,26.0,0.0,1
27,2023-08-30 02:00:00,0.0,26.0,0.0,2
28,2023-08-30 03:00:00,0.0,26.0,0.0,3
29,2023-08-30 04:00:00,0.0,26.0,0.0,4
30,2023-08-30 05:00:00,0.0,25.9,0.0,5
31,2023-08-30 06:00:00,0.98,25.27,0.15,6
32,2023-08-30 07:00:00,7.07,25.58,1.57,7
33,2023-08-30 08:00:00,19.61,25.22,12.11,8
34,2023-08-30 09:00:00,46.68,26.52,34.34,9
35,2023-08-30 10:00:00,34.88,26.85,25.53,10
36,2023-08-30 11:00:00,86.08,27.27,65.54,11
37,2023-08-30 12:00:00,57.7,27.0,43.4,12
38,2023-08-30 13:00:00,71.92,27.89,54.26,13
39,2023-08-30 14:00:00,58.32,27.77,43.33,14
40,2023-08-30 15:00:00,28.82,26.62,20.86,15
41,2023-08-30 16:00:00,16.17,25.37,11.42,16
42,2023-08-30 17:00:00,8.63,24.01,4.94,17
43,2023-08-30 18:00:00,0.28,23.0,0.09,18
44,2023-08-30 19:00:00,0.0,23.0,0.0,19
45,2023-08-30 20:00:00,0.0,23.0,0.0,20
46,2023-08-30 21:00:00,0.0,23.0,0.0,21
47,2023-08-30 22:00:00,0.0,23.0,0.0,22
48,2023-08-30 23:00:00,0.0,22.06,0.0,23
49,2023-08-31 00:00:00,0.0,22.0,0.0,0
50,2023-08-31 01:00:00,0.0,22.0,0.0,1
51,2023-08-31 02:00:00,0.0,22.0,0.0,2
52,2023-08-31 03:00:00,0.0,22.0,0.0,3
53,2023-08-31 04:00:00,0.0,22.0,0.0,4
54,2023-08-31 05:00:00,0.0,22.0,0.0,5
55,2023-08-31 06:00:00,8.97,22.44,3.1,6
56,2023-08-31 07:00:00,27.28,23.04,17.62,7
57,2023-08-31 08:00:00,96.12,24.76,70.46,8
58,2023-08-31 09:00:00,140.1,27.87,103.38,9
59,2023-08-31 10:00:00,202.86,29.98,145.92,10
60,2023-08-31 11:00:00,274.58,32.38,193.87,11
61,2023-08-31 12:00:00,250.38,33.24,180.88,12
62,2023-08-31 13:00:00,249.03,34.27,176.27,13
63,2023-08-31 14:00:00,228.4,35.5,167.41,14
64,2023-08-31 15:00:00,188.42,35.24,140.97,15
65,2023-08-31 16:00:00,127.28,35.03,92.65,16
66,2023-08-31 17:00:00,72.67,32.95,45.51,17
67,2023-08-31 18:00:00,12.98,30.28,5.99,18
68,2023-08-31 19:00:00,0.08,27.69,0.02,19
69,2023-08-31 20:00:00,0.0,26.07,0.0,20
70,2023-08-31 21:00:00,0.0,25.0,0.0,21
71,2023-08-31 22:00:00,0.0,24.35,0.0,22
72,2023-08-31 23:00:00,0.0,24.0,0.0,23
73,2023-09-01 00:00:00,0.0,23.95,0.0,0
74,2023-09-01 01:00:00,0.0,23.19,0.0,1
75,2023-09-01 02:00:00,0.0,23.0,0.0,2
76,2023-09-01 03:00:00,0.0,23.0,0.0,3
77,2023-09-01 04:00:00,0.0,22.44,0.0,4
78,2023-09-01 05:00:00,0.0,22.84,0.0,5
79,2023-09-01 06:00:00,2.73,23.0,0.64,6
80,2023-09-01 07:00:00,25.78,23.59,16.31,7
81,2023-09-01 08:00:00,48.92,25.25,35.72,8
82,2023-09-01 09:00:00,79.73,26.68,60.06,9
83,2023-09-01 10:00:00,147.43,29.02,111.09,10
84,2023-09-01 11:00:00,200.75,31.31,147.13,11
85,2023-09-01 12:00:00,202.54,32.92,147.39,12
86,2023-09-01 13:00:00,266.68,35.22,191.25,13
87,2023-09-01 14:00:00,230.65,36.11,164.83,14
88,2023-09-01 15:00:00,178.73,36.72,132.86,15
89,2023-09-01 16:00:00,113.38,35.9,81.39,16
90,2023-09-01 17:00:00,58.13,35.59,39.07,17
91,2023-09-01 18:00:00,12.64,32.91,7.6,18
92,2023-09-01 19:00:00,0.0,29.32,0.0,19
93,2023-09-01 20:00:00,0.0,27.18,0.0,20
94,2023-09-01 21:00:00,0.0,26.86,0.0,21
95,2023-09-01 22:00:00,0.0,26.24,0.0,22
96,2023-09-01 23:00:00,0.0,25.68,0.0,23
97,2023-09-02 00:00:00,0.0,25.0,0.0,0
98,2023-09-02 01:00:00,0.0,25.51,0.0,1
99,2023-09-02 02:00:00,0.0,26.0,0.0,2
100,2023-09-02 03:00:00,0.0,26.0,0.0,3
101,2023-09-02 04:00:00,0.0,24.92,0.0,4
102,2023-09-02 05:00:00,0.0,24.0,0.0,5
103,2023-09-02 06:00:00,3.34,24.18,1.35,6
104,2023-09-02 07:00:00,40.48,25.39,28.05,7
105,2023-09-02 08:00:00,34.28,26.0,24.32,8
106,2023-09-02 09:00:00,64.21,25.76,48.13,9
107,2023-09-02 10:00:00,78.31,27.58,58.5,10
108,2023-09-02 11:00:00,94.74,28.17,69.69,11
109,2023-09-02 12:00:00,53.68,29.0,38.99,12
110,2023-09-02 13:00:00,178.61,29.43,131.46,13
111,2023-09-02 14:00:00,136.23,31.61,98.91,14
112,2023-09-02 15:00:00,42.32,30.98,30.16,15
113,2023-09-02 16:00:00,45.18,29.08,32.49,16
114,2023-09-02 17:00:00,29.64,29.0,20.14,17
115,2023-09-02 18:00:00,7.46,28.69,4.48,18
116,2023-09-02 19:00:00,0.0,28.0,0.0,19
117,2023-09-02 20:00:00,0.0,27.82,0.0,20
118,2023-09-02 21:00:00,0.0,27.0,0.0,21
119,2023-09-02 22:00:00,0.0,27.0,0.0,22
120,2023-09-02 23:00:00,0.0,27.0,0.0,23
121,2023-09-03 00:00:00,0.0,27.0,0.0,0
122,2023-09-03 01:00:00,0.0,26.78,0.0,1
123,2023-09-03 02:00:00,0.0,27.0,0.0,2
124,2023-09-03 03:00:00,0.0,27.0,0.0,3
125,2023-09-03 04:00:00,0.0,27.0,0.0,4
126,2023-09-03 05:00:00,0.0,27.0,0.0,5
127,2023-09-03 06:00:00,2.37,27.0,0.39,6
128,2023-09-03 07:00:00,23.63,27.71,13.81,7
129,2023-09-03 08:00:00,95.55,29.24,68.34,8
130,2023-09-03 09:00:00,161.31,32.09,115.32,9
131,2023-09-03 10:00:00,202.38,34.47,147.61,10
132,2023-09-03 11:00:00,224.63,36.26,160.78,11
133,2023-09-03 12:00:00,168.84,36.38,119.6,12
134,2023-09-03 13:00:00,190.15,36.61,134.4,13
135,2023-09-03 14:00:00,180.2,37.52,131.6,14
136,2023-09-03 15:00:00,76.74,35.38,55.96,15
137,2023-09-03 16:00:00,130.61,36.86,92.98,16
138,2023-09-03 17:00:00,54.48,36.69,34.65,17
139,2023-09-03 18:00:00,9.38,33.04,5.04,18
140,2023-09-03 19:00:00,0.0,30.22,0.0,19
141,2023-09-03 20:00:00,0.0,29.32,0.0,20
142,2023-09-03 21:00:00,0.0,28.24,0.0,21
143,2023-09-03 22:00:00,0.0,27.36,0.0,22
144,2023-09-03 23:00:00,0.0,27.0,0.0,23
145,2023-09-04 00:00:00,0.0,27.0,0.0,0
146,2023-09-04 01:00:00,0.0,27.0,0.0,1
147,2023-09-04 02:00:00,0.0,26.78,0.0,2
148,2023-09-04 03:00:00,0.0,26.92,0.0,3
149,2023-09-04 04:00:00,0.0,26.0,0.0,4
150,2023-09-04 05:00:00,0.0,26.0,0.0,5
151,2023-09-04 06:00:00,10.13,26.0,2.86,6
152,2023-09-04 07:00:00,47.39,26.72,28.08,7
153,2023-09-04 08:00:00,120.91,29.49,82.16,8
154,2023-09-04 09:00:00,164.03,32.21,118.83,9
155,2023-09-04 10:00:00,170.9,33.7,125.12,10
156,2023-09-04 11:00:00,205.27,35.72,150.01,11
157,2023-09-04 12:00:00,241.42,37.38,171.92,12
158,2023-09-04 13:00:00,226.72,38.58,163.01,13
159,2023-09-04 14:00:00,187.78,37.92,134.94,14
160,2023-09-04 15:00:00,169.86,38.05,126.68,15
161,2023-09-04 16:00:00,93.38,35.2,69.19,16
162,2023-09-04 17:00:00,56.07,34.12,38.91,17
163,2023-09-04 18:00:00,11.26,31.05,7.13,18
164,2023-09-04 19:00:00,0.0,28.0,0.0,19
165,2023-09-04 20:00:00,0.0,28.0,0.0,20
166,2023-09-04 21:00:00,0.0,27.01,0.0,21
167,2023-09-04 22:00:00,0.0,27.0,0.0,22
168,2023-09-04 23:00:00,0.0,27.0,0.0,23
169,2023-09-05 00:00:00,0.0,26.78,0.0,0
170,2023-09-05 01:00:00,0.0,25.87,0.0,1
171,2023-09-05 02:00:00,0.0,26.0,0.0,2
172,2023-09-05 03:00:00,0.0,26.0,0.0,3
173,2023-09-05 04:00:00,0.0,26.0,0.0,4
174,2023-09-05 05:00:00,0.0,26.0,0.0,5
175,2023-09-05 06:00:00,3.78,26.0,0.99,6
176,2023-09-05 07:00:00,30.56,26.08,20.11,7
177,2023-09-05 08:00:00,115.44,28.21,80.39,8
178,2023-09-05 09:00:00,164.48,29.66,118.33,9
179,2023-09-05 10:00:00,168.45,32.39,121.54,10
180,2023-09-05 11:00:00,227.54,35.5,158.99,11
181,2023-09-05 12:00:00,202.32,36.31,145.67,12
182,2023-09-05 13:00:00,163.63,37.23,117.11,13
183,2023-09-05 14:00:00,190.94,38.42,140.91,14
184,2023-09-05 15:00:00,98.88,35.7,73.97,15
185,2023-09-05 16:00:00,57.75,33.0,42.02,16
186,2023-09-05 17:00:00,29.89,32.53,20.89,17
187,2023-09-05 18:00:00,7.02,31.63,2.12,18
188,2023-09-05 19:00:00,0.0,30.15,0.0,19
189,2023-09-05 20:00:00,0.0,29.26,0.0,20
190,2023-09-05 21:00:00,0.0,28.53,0.0,21
191,2023-09-05 22:00:00,0.0,28.0,0.0,22
192,2023-09-05 23:00:00,0.0,27.02,0.0,23
193,2023-09-06 00:00:00,0.0,26.29,0.0,0
194,2023-09-06 01:00:00,0.0,26.0,0.0,1
195,2023-09-06 02:00:00,0.0,26.0,0.0,2
196,2023-09-06 03:00:00,0.0,25.74,0.0,3
197,2023-09-06 04:00:00,0.0,25.28,0.0,4
198,2023-09-06 05:00:00,0.0,25.16,0.0,5
199,2023-09-06 06:00:00,6.22,25.02,2.71,6
200,2023-09-06 07:00:00,57.95,26.32,32.67,7
201,2023-09-06 08:00:00,119.28,27.88,82.36,8
202,2023-09-06 09:00:00,174.26,31.38,126.42,9
203,2023-09-06 10:00:00,216.6,34.1,157.78,10
204,2023-09-06 11:00:00,245.01,36.19,174.98,11
205,2023-09-06 12:00:00,232.03,37.4,164.07,12
206,2023-09-06 13:00:00,189.05,37.63,132.63,13
207,2023-09-06 14:00:00,200.36,37.72,147.46,14
208,2023-09-06 15:00:00,174.23,38.02,127.25,15
209,2023-09-06 16:00:00,129.52,36.37,91.14,16
210,2023-09-06 17:00:00,52.38,35.1,32.38,17
211,2023-09-06 18:00:00,3.25,30.19,0.73,18
212,2023-09-06 19:00:00,0.0,28.39,0.0,19
213,2023-09-06 20:00:00,0.0,28.0,0.0,20
214,2023-09-06 21:00:00,0.0,27.42,0.0,21
215,2023-09-06 22:00:00,0.0,27.0,0.0,22
216,2023-09-06 23:00:00,0.0,26.21,0.0,23
217,2023-09-07 00:00:00,0.0,26.0,0.0,0
218,2023-09-07 01:00:00,0.0,26.0,0.0,1
219,2023-09-07 02:00:00,0.0,25.29,0.0,2
220,2023-09-07 03:00:00,0.0,25.0,0.0,3
221,2023-09-07 04:00:00,0.0,24.69,0.0,4
222,2023-09-07 05:00:00,0.0,24.0,0.0,5
223,2023-09-07 06:00:00,2.91,24.0,0.18,6
224,2023-09-07 07:00:00,23.18,24.58,13.96,7
225,2023-09-07 08:00:00,95.31,26.18,65.42,8
226,2023-09-07 09:00:00,178.4,29.41,130.45,9
227,2023-09-07 10:00:00,222.98,31.41,164.28,10
228,2023-09-07 11:00:00,253.12,34.39,181.88,11
229,2023-09-07 12:00:00,264.66,35.38,189.55,12
230,2023-09-07 13:00:00,256.18,37.5,183.64,13
231,2023-09-07 14:00:00,224.58,39.08,163.5,14
232,2023-09-07 15:00:00,178.6,37.71,132.6,15
233,2023-09-07 16:00:00,125.16,37.42,87.9,16
234,2023-09-07 17:00:00,60.49,37.14,35.3,17
235,2023-09-07 18:00:00,10.37,33.39,3.1,18
236,2023-09-07 19:00:00,0.0,29.72,0.0,19
237,2023-09-07 20:00:00,0.0,27.81,0.0,20
238,2023-09-07 21:00:00,0.0,26.59,0.0,21
239,2023-09-07 22:00:00,0.0,25.39,0.0,22
240,2023-09-07 23:00:00,0.0,24.56,0.0,23
241,2023-09-08 00:00:00,0.0,23.8,0.0,0
242,2023-09-08 01:00:00,0.0,24.0,0.0,1
243,2023-09-08 02:00:00,0.0,23.23,0.0,2
244,2023-09-08 03:00:00,0.0,22.28,0.0,3
245,2023-09-08 04:00:00,0.0,22.0,0.0,4
246,2023-09-08 05:00:00,0.0,21.42,0.0,5
247,2023-09-08 06:00:00,5.63,21.0,0.1,6
248,2023-09-08 07:00:00,62.03,22.66,24.7,7
249,2023-09-08 08:00:00,121.22,25.78,84.0,8
250,2023-09-08 09:00:00,177.72,27.92,130.8,9
251,2023-09-08 10:00:00,223.09,30.59,164.9,10
252,2023-09-08 11:00:00,254.42,33.58,183.3,11
253,2023-09-08 12:00:00,263.73,35.92,189.1,12
254,2023-09-08 13:00:00,251.05,35.66,181.7,13
255,2023-09-08 14:00:00,216.88,36.64,159.5,14
256,2023-09-08 15:00:00,175.43,37.48,131.2,15
257,2023-09-08 16:00:00,123.53,38.8,85.9,16
258,2023-09-08 17:00:00,60.32,34.57,34.3,17
259,2023-09-08 18:00:00,9.39,30.93,2.6,18
260,2023-09-08 19:00:00,0.0,28.13,0.0,19
261,2023-09-08 20:00:00,0.0,26.13,0.0,20
262,2023-09-08 21:00:00,0.0,25.0,0.0,21
263,2023-09-08 22:00:00,0.0,24.19,0.0,22
264,2023-09-08 23:00:00,0.0,23.97,0.0,23
265,2023-09-09 00:00:00,0.0,23.0,0.0,0
266,2023-09-09 01:00:00,0.0,23.0,0.0,1
267,2023-09-09 02:00:00,0.0,22.73,0.0,2
268,2023-09-09 03:00:00,0.0,22.01,0.0,3
269,2023-09-09 04:00:00,0.0,22.0,0.0,4
270,2023-09-09 05:00:00,0.0,22.0,0.0,5
271,2023-09-09 06:00:00,4.74,22.0,0.4,6
272,2023-09-09 07:00:00,58.31,23.23,29.4,7
273,2023-09-09 08:00:00,117.12,25.82,81.0,8
274,2023-09-09 09:00:00,173.63,28.55,127.4,9
275,2023-09-09 10:00:00,219.06,31.94,161.0,10
276,2023-09-09 11:00:00,182.72,32.78,132.8,11
277,2023-09-09 12:00:00,165.24,34.02,117.8,12
278,2023-09-09 13:00:00,163.67,35.33,124.8,13
279,2023-09-09 14:00:00,120.69,35.7,89.7,14
280,2023-09-09 15:00:00,127.98,35.95,95.8,15
281,2023-09-09 16:00:00,119.51,35.67,83.7,16
282,2023-09-09 17:00:00,45.4,32.98,27.4,17
283,2023-09-09 18:00:00,5.18,30.16,2.0,18
284,2023-09-09 19:00:00,0.0,28.21,0.0,19
285,2023-09-09 20:00:00,0.0,27.3,0.0,20
286,2023-09-09 21:00:00,0.0,26.5,0.0,21
287,2023-09-09 22:00:00,0.0,25.87,0.0,22
288,2023-09-09 23:00:00,0.0,25.0,0.0,23
289,2023-09-10 00:00:00,0.0,25.0,0.0,0
290,2023-09-10 01:00:00,0.0,24.59,0.0,1
291,2023-09-10 02:00:00,0.0,24.0,0.0,2
292,2023-09-10 03:00:00,0.0,24.0,0.0,3
293,2023-09-10 04:00:00,0.0,24.0,0.0,4
294,2023-09-10 05:00:00,0.0,23.79,0.0,5
295,2023-09-10 06:00:00,1.45,23.72,0.2,6
296,2023-09-10 07:00:00,32.41,24.28,19.5,7
297,2023-09-10 08:00:00,87.45,26.39,61.2,8
298,2023-09-10 09:00:00,167.48,29.49,120.4,9
299,2023-09-10 10:00:00,219.0,32.84,157.6,10
300,2023-09-10 11:00:00,196.41,34.33,143.2,11
301,2023-09-10 12:00:00,136.93,33.23,99.1,12
302,2023-09-10 13:00:00,252.57,34.89,180.0,13
303,2023-09-10 14:00:00,155.34,35.05,113.8,14
304,2023-09-10 15:00:00,175.46,35.51,128.2,15
305,2023-09-10 16:00:00,112.44,35.36,78.9,16
306,2023-09-10 17:00:00,49.18,32.55,32.3,17
307,2023-09-10 18:00:00,7.58,30.44,3.6,18
308,2023-09-10 19:00:00,0.0,28.45,0.0,19
309,2023-09-10 20:00:00,0.0,27.24,0.0,20
310,2023-09-10 21:00:00,0.0,27.0,0.0,21
311,2023-09-10 22:00:00,0.0,26.08,0.0,22
312,2023-09-10 23:00:00,0.0,25.31,0.0,23
313,2023-09-11 00:00:00,0.0,25.0,0.0,0
314,2023-09-11 01:00:00,0.0,24.32,0.0,1
315,2023-09-11 02:00:00,0.0,24.0,0.0,2
316,2023-09-11 03:00:00,0.0,24.0,0.0,3
317,2023-09-11 04:00:00,0.0,24.0,0.0,4
318,2023-09-11 05:00:00,0.0,23.38,0.0,5
319,2023-09-11 06:00:00,4.46,23.34,1.1,6
320,2023-09-11 07:00:00,48.48,24.45,27.0,7
321,2023-09-11 08:00:00,111.83,26.82,76.1,8
322,2023-09-11 09:00:00,168.41,29.62,122.1,9
323,2023-09-11 10:00:00,217.28,32.52,158.1,10
324,2023-09-11 11:00:00,228.88,34.48,162.7,11
325,2023-09-11 12:00:00,120.55,34.44,87.6,12
326,2023-09-11 13:00:00,225.28,35.51,160.1,13
327,2023-09-11 14:00:00,234.42,37.92,167.3,14
328,2023-09-11 15:00:00,191.61,36.98,139.0,15
329,2023-09-11 16:00:00,108.48,35.53,76.3,16
330,2023-09-11 17:00:00,35.92,32.88,22.9,17
331,2023-09-11 18:00:00,3.16,29.59,1.2,18
332,2023-09-11 19:00:00,0.0,28.47,0.0,19
333,2023-09-11 20:00:00,0.0,27.18,0.0,20
334,2023-09-11 21:00:00,0.0,26.31,0.0,21
335,2023-09-11 22:00:00,0.0,25.68,0.0,22
336,2023-09-11 23:00:00,0.0,25.0,0.0,23
337,2023-09-12 00:00:00,0.0,24.75,0.0,0
338,2023-09-12 01:00:00,0.0,24.18,0.0,1
339,2023-09-12 02:00:00,0.0,24.0,0.0,2
340,2023-09-12 03:00:00,0.0,24.0,0.0,3
341,2023-09-12 04:00:00,0.0,23.45,0.0,4
342,2023-09-12 05:00:00,0.0,23.08,0.0,5
343,2023-09-12 06:00:00,2.72,23.55,0.4,6
344,2023-09-12 07:00:00,21.97,24.25,11.9,7
345,2023-09-12 08:00:00,62.15,25.84,44.9,8
346,2023-09-12 09:00:00,120.2,28.43,87.5,9
347,2023-09-12 10:00:00,201.28,31.8,145.1,10
348,2023-09-12 11:00:00,261.84,34.39,181.1,11
349,2023-09-12 12:00:00,180.16,35.62,127.8,12
350,2023-09-12 13:00:00,177.51,36.07,126.1,13
351,2023-09-12 14:00:00,171.91,35.68,125.0,14
352,2023-09-12 15:00:00,133.38,36.25,95.8,15
353,2023-09-12 16:00:00,74.05,33.07,52.8,16
354,2023-09-12 17:00:00,44.03,33.09,30.3,17
355,2023-09-12 18:00:00,3.65,30.92,1.6,18
356,2023-09-12 19:00:00,0.0,28.68,0.0,19
357,2023-09-12 20:00:00,0.0,28.0,0.0,20
358,2023-09-12 21:00:00,0.0,27.21,0.0,21
359,2023-09-12 22:00:00,0.0,27.0,0.0,22
360,2023-09-12 23:00:00,0.0,27.0,0.0,23
361,2023-09-13 00:00:00,0.0,26.38,0.0,0
362,2023-09-13 01:00:00,0.0,26.0,0.0,1
363,2023-09-13 02:00:00,0.0,26.0,0.0,2
364,2023-09-13 03:00:00,0.0,26.0,0.0,3
365,2023-09-13 04:00:00,0.0,25.39,0.0,4
366,2023-09-13 05:00:00,0.0,25.0,0.0,5
367,2023-09-13 06:00:00,0.68,24.28,0.1,6
368,2023-09-13 07:00:00,17.69,24.48,10.6,7
369,2023-09-13 08:00:00,40.12,25.21,28.3,8
370,2023-09-13 09:00:00,98.03,27.18,72.7,9
371,2023-09-13 10:00:00,80.71,28.78,59.2,10
372,2023-09-13 11:00:00,50.3,28.18,36.2,11
373,2023-09-13 12:00:00,65.42,28.56,48.0,12
374,2023-09-13 13:00:00,65.94,28.91,48.0,13
375,2023-09-13 14:00:00,75.56,29.0,54.9,14
376,2023-09-13 15:00:00,51.01,29.23,35.3,15
377,2023-09-13 16:00:00,17.77,28.8,9.2,16
378,2023-09-13 17:00:00,5.69,27.62,0.1,17
379,2023-09-13 18:00:00,0.41,26.78,0.0,18
380,2023-09-13 19:00:00,0.0,25.59,0.0,19
381,2023-09-13 20:00:00,0.0,24.84,0.0,20
382,2023-09-13 21:00:00,0.0,24.02,0.0,21
383,2023-09-13 22:00:00,0.0,24.0,0.0,22
384,2023-09-13 23:00:00,0.0,23.86,0.0,23
385,2023-09-14 00:00:00,0.0,23.0,0.0,0
386,2023-09-14 01:00:00,0.0,23.31,0.0,1
387,2023-09-14 02:00:00,0.0,23.13,0.0,2
388,2023-09-14 03:00:00,0.0,23.0,0.0,3
389,2023-09-14 04:00:00,0.0,22.81,0.0,4
390,2023-09-14 05:00:00,0.0,23.0,0.0,5
391,2023-09-14 06:00:00,0.82,23.24,0.0,6
392,2023-09-14 07:00:00,15.09,24.0,7.2,7
393,2023-09-14 08:00:00,42.14,24.79,27.5,8
394,2023-09-14 09:00:00,64.67,25.59,45.3,9
395,2023-09-14 10:00:00,53.86,26.84,37.0,10
396,2023-09-14 11:00:00,89.07,27.82,65.0,11
397,2023-09-14 12:00:00,75.08,28.46,52.1,12
398,2023-09-14 13:00:00,49.18,27.26,32.5,13
399,2023-09-14 14:00:00,49.5,27.0,33.6,14
400,2023-09-14 15:00:00,31.84,26.95,19.8,15
401,2023-09-14 16:00:00,12.82,26.22,4.4,16
402,2023-09-14 17:00:00,7.32,26.0,2.3,17
403,2023-09-14 18:00:00,0.21,25.62,0.0,18
404,2023-09-14 19:00:00,0.0,25.0,0.0,19
405,2023-09-14 20:00:00,0.0,24.4,0.0,20
406,2023-09-14 21:00:00,0.0,24.33,0.0,21
407,2023-09-14 22:00:00,0.0,24.0,0.0,22
408,2023-09-14 23:00:00,0.0,24.0,0.0,23
409,2023-09-15 00:00:00,0.0,24.98,0.0,0
410,2023-09-15 01:00:00,0.0,25.0,0.0,1
411,2023-09-15 02:00:00,0.0,25.0,0.0,2
412,2023-09-15 03:00:00,0.0,25.0,0.0,3
413,2023-09-15 04:00:00,0.0,25.0,0.0,4
414,2023-09-15 05:00:00,0.0,25.0,0.0,5
415,2023-09-15 06:00:00,0.04,25.0,0.0,6
416,2023-09-15 07:00:00,0.32,25.0,0.0,7
417,2023-09-15 08:00:00,5.15,25.0,0.0,8
418,2023-09-15 09:00:00,17.31,25.0,8.7,9
419,2023-09-15 10:00:00,57.98,25.48,40.7,10
420,2023-09-15 11:00:00,145.23,27.11,107.3,11
421,2023-09-15 12:00:00,241.19,29.89,178.9,12
422,2023-09-15 13:00:00,168.82,32.73,120.5,13
423,2023-09-15 14:00:00,140.29,33.83,103.5,14
424,2023-09-15 15:00:00,57.74,33.61,39.6,15
425,2023-09-15 16:00:00,39.41,31.98,25.6,16
426,2023-09-15 17:00:00,18.38,30.62,9.8,17
427,2023-09-15 18:00:00,0.45,29.28,0.0,18
428,2023-09-15 19:00:00,0.0,28.0,0.0,19
429,2023-09-15 20:00:00,0.0,27.08,0.0,20
430,2023-09-15 21:00:00,0.0,27.0,0.0,21
431,2023-09-15 22:00:00,0.0,27.0,0.0,22
432,2023-09-15 23:00:00,0.0,27.0,0.0,23
433,2023-09-16 00:00:00,0.0,26.97,0.0,0
434,2023-09-16 01:00:00,0.0,27.0,0.0,1
435,2023-09-16 02:00:00,0.0,27.0,0.0,2
436,2023-09-16 03:00:00,0.0,27.0,0.0,3
437,2023-09-16 04:00:00,0.0,27.0,0.0,4
438,2023-09-16 05:00:00,0.0,26.1,0.0,5
439,2023-09-16 06:00:00,0.7,26.0,0.0,6
440,2023-09-16 07:00:00,9.67,26.52,1.2,7
441,2023-09-16 08:00:00,43.42,27.4,29.5,8
442,2023-09-16 09:00:00,89.88,29.28,64.8,9
443,2023-09-16 10:00:00,74.51,31.05,51.7,10
444,2023-09-16 11:00:00,9.64,28.53,4.1,11
445,2023-09-16 12:00:00,42.49,27.93,28.2,12
446,2023-09-16 13:00:00,3.88,26.72,0.9,13
447,2023-09-16 14:00:00,0.24,26.0,0.0,14
448,2023-09-16 15:00:00,13.8,25.95,6.6,15
449,2023-09-16 16:00:00,28.55,26.0,16.6,16
450,2023-09-16 17:00:00,29.07,26.78,17.0,17
451,2023-09-16 18:00:00,0.31,26.6,0.0,18
452,2023-09-16 19:00:00,0.0,26.0,0.0,19
453,2023-09-16 20:00:00,0.0,26.0,0.0,20
454,2023-09-16 21:00:00,0.0,26.0,0.0,21
455,2023-09-16 22:00:00,0.0,26.0,0.0,22
456,2023-09-16 23:00:00,0.0,26.0,0.0,23
457,2023-09-17 00:00:00,0.0,26.0,0.0,0
458,2023-09-17 01:00:00,0.0,26.0,0.0,1
459,2023-09-17 02:00:00,0.0,26.0,0.0,2
460,2023-09-17 03:00:00,0.0,26.0,0.0,3
461,2023-09-17 04:00:00,0.0,25.81,0.0,4
462,2023-09-17 05:00:00,0.0,25.0,0.0,5
463,2023-09-17 06:00:00,3.36,25.0,0.6,6
464,2023-09-17 07:00:00,37.48,25.99,22.6,7
465,2023-09-17 08:00:00,49.64,26.62,32.1,8
466,2023-09-17 09:00:00,93.92,28.65,67.9,9
467,2023-09-17 10:00:00,104.38,30.02,75.8,10
468,2023-09-17 11:00:00,120.91,31.09,85.6,11
469,2023-09-17 12:00:00,200.48,32.54,138.5,12
470,2023-09-17 13:00:00,135.93,33.05,97.5,13
471,2023-09-17 14:00:00,129.17,33.42,91.7,14
472,2023-09-17 15:00:00,113.34,33.57,82.7,15
473,2023-09-17 16:00:00,78.96,33.17,53.5,16
474,2023-09-17 17:00:00,62.66,33.03,38.6,17
475,2023-09-17 18:00:00,6.41,30.4,2.1,18
476,2023-09-17 19:00:00,0.0,27.81,0.0,19
477,2023-09-17 20:00:00,0.0,27.0,0.0,20
478,2023-09-17 21:00:00,0.0,26.12,0.0,21
479,2023-09-17 22:00:00,0.0,26.0,0.0,22
480,2023-09-17 23:00:00,0.0,26.0,0.0,23
481,2023-09-18 00:00:00,0.0,26.0,0.0,0
482,2023-09-18 01:00:00,0.0,25.71,0.0,1
483,2023-09-18 02:00:00,0.0,25.11,0.0,2
484,2023-09-18 03:00:00,0.0,25.06,0.0,3
485,2023-09-18 04:00:00,0.0,25.0,0.0,4
486,2023-09-18 05:00:00,0.0,25.0,0.0,5
487,2023-09-18 06:00:00,1.72,25.0,0.0,6
488,2023-09-18 07:00:00,20.05,25.01,9.2,7
489,2023-09-18 08:00:00,97.02,26.72,62.5,8
490,2023-09-18 09:00:00,161.58,29.72,114.1,9
491,2023-09-18 10:00:00,172.58,31.48,125.0,10
492,2023-09-18 11:00:00,253.48,32.77,182.5,11
493,2023-09-18 12:00:00,238.24,34.16,169.4,12
494,2023-09-18 13:00:00,197.24,35.34,144.1,13
495,2023-09-18 14:00:00,132.12,34.07,100.1,14
496,2023-09-18 15:00:00,130.03,33.89,96.3,15
497,2023-09-18 16:00:00,114.5,33.63,74.6,16
498,2023-09-18 17:00:00,41.88,32.47,22.8,17
499,2023-09-18 18:00:00,4.8,29.87,0.1,18
500,2023-09-18 19:00:00,0.0,27.52,0.0,19
501,2023-09-18 20:00:00,0.0,26.22,0.0,20
502,2023-09-18 21:00:00,0.0,25.37,0.0,21
503,2023-09-18 22:00:00,0.0,24.98,0.0,22
504,2023-09-18 23:00:00,0.0,24.17,0.0,23
505,2023-09-19 00:00:00,0.0,24.0,0.0,0
506,2023-09-19 01:00:00,0.0,23.93,0.0,1
507,2023-09-19 02:00:00,0.0,23.17,0.0,2
508,2023-09-19 03:00:00,0.0,23.98,0.0,3
509,2023-09-19 04:00:00,0.0,24.0,0.0,4
510,2023-09-19 05:00:00,0.0,24.0,0.0,5
511,2023-09-19 06:00:00,1.47,24.02,0.0,6
512,2023-09-19 07:00:00,13.17,24.88,6.3,7
513,2023-09-19 08:00:00,40.27,25.18,26.1,8
514,2023-09-19 09:00:00,68.32,26.27,47.9,9
515,2023-09-19 10:00:00,116.5,28.92,82.9,10
516,2023-09-19 11:00:00,110.45,29.38,78.7,11
517,2023-09-19 12:00:00,141.35,31.37,102.3,12
518,2023-09-19 13:00:00,143.18,31.7,105.0,13
519,2023-09-19 14:00:00,173.02,33.43,133.3,14
520,2023-09-19 15:00:00,163.65,35.6,120.1,15
521,2023-09-19 16:00:00,73.28,33.48,50.1,16
522,2023-09-19 17:00:00,43.05,32.43,25.7,17
523,2023-09-19 18:00:00,4.55,28.83,1.0,18
524,2023-09-19 19:00:00,0.0,26.27,0.0,19
525,2023-09-19 20:00:00,0.0,25.07,0.0,20
526,2023-09-19 21:00:00,0.0,24.63,0.0,21
527,2023-09-19 22:00:00,0.0,24.0,0.0,22
528,2023-09-19 23:00:00,0.0,23.68,0.0,23
529,2023-09-20 00:00:00,0.0,23.35,0.0,0
530,2023-09-20 01:00:00,0.0,23.0,0.0,1
531,2023-09-20 02:00:00,0.0,23.43,0.0,2
532,2023-09-20 03:00:00,0.0,23.23,0.0,3
533,2023-09-20 04:00:00,0.0,23.58,0.0,4
534,2023-09-20 05:00:00,0.0,24.0,0.0,5
535,2023-09-20 06:00:00,0.85,24.0,0.0,6
536,2023-09-20 07:00:00,6.7,24.52,0.1,7
537,2023-09-20 08:00:00,15.95,25.0,7.7,8
538,2023-09-20 09:00:00,31.35,25.88,19.0,9
539,2023-09-20 10:00:00,34.02,27.2,21.7,10
540,2023-09-20 11:00:00,35.37,28.0,22.0,11
541,2023-09-20 12:00:00,16.32,27.5,6.6,12
542,2023-09-20 13:00:00,27.45,28.0,16.4,13
543,2023-09-20 14:00:00,30.55,28.42,18.9,14
544,2023-09-20 15:00:00,19.48,29.0,10.4,15
545,2023-09-20 16:00:00,10.92,29.2,2.1,16
546,2023-09-20 17:00:00,6.57,29.68,0.7,17
547,2023-09-20 18:00:00,0.9,29.17,0.0,18
548,2023-09-20 19:00:00,0.0,29.0,0.0,19
549,2023-09-20 20:00:00,0.0,29.0,0.0,20
550,2023-09-20 21:00:00,0.0,28.33,0.0,21
551,2023-09-20 22:00:00,0.0,28.0,0.0,22
552,2023-09-20 23:00:00,0.0,27.57,0.0,23
553,2023-09-21 00:00:00,0.0,27.0,0.0,0
554,2023-09-21 01:00:00,0.0,26.35,0.0,1
555,2023-09-21 02:00:00,0.0,25.27,0.0,2
556,2023-09-21 03:00:00,0.0,25.0,0.0,3
557,2023-09-21 04:00:00,0.0,24.27,0.0,4
558,2023-09-21 05:00:00,0.0,24.0,0.0,5
559,2023-09-21 06:00:00,0.12,23.38,0.0,6
560,2023-09-21 07:00:00,5.23,23.0,0.0,7
561,2023-09-21 08:00:00,33.4,23.78,21.4,8
562,2023-09-21 09:00:00,30.1,25.0,18.0,9
563,2023-09-21 10:00:00,35.08,24.23,22.2,10
564,2023-09-21 11:00:00,87.07,24.72,62.2,11
565,2023-09-21 12:00:00,113.75,26.43,80.9,12
566,2023-09-21 13:00:00,104.77,26.07,76.5,13
567,2023-09-21 14:00:00,68.42,26.62,47.8,14
568,2023-09-21 15:00:00,60.1,26.42,41.7,15
569,2023-09-21 16:00:00,16.02,25.3,7.2,16
570,2023-09-21 17:00:00,8.7,25.0,3.4,17
571,2023-09-21 18:00:00,0.08,24.13,0.0,18
572,2023-09-21 19:00:00,0.0,23.2,0.0,19
573,2023-09-21 20:00:00,0.0,23.0,0.0,20
574,2023-09-21 21:00:00,0.0,23.0,0.0,21
575,2023-09-21 22:00:00,0.0,22.45,0.0,22
576,2023-09-21 23:00:00,0.0,21.53,0.0,23
577,2023-09-22 00:00:00,0.0,20.77,0.0,0
578,2023-09-22 01:00:00,0.0,20.0,0.0,1
579,2023-09-22 02:00:00,0.0,19.78,0.0,2
580,2023-09-22 03:00:00,0.0,19.0,0.0,3
581,2023-09-22 04:00:00,0.0,18.63,0.0,4
582,2023-09-22 05:00:00,0.0,18.77,0.0,5
583,2023-09-22 06:00:00,4.33,18.9,0.7,6
584,2023-09-22 07:00:00,33.03,19.28,18.3,7
585,2023-09-22 08:00:00,93.08,21.13,62.5,8
586,2023-09-22 09:00:00,182.8,23.95,134.0,9
587,2023-09-22 10:00:00,213.72,26.7,158.1,10
588,2023-09-22 11:00:00,197.67,28.63,144.8,11
589,2023-09-22 12:00:00,212.25,29.68,155.8,12
590,2023-09-22 13:00:00,187.78,30.97,132.8,13
591,2023-09-22 14:00:00,205.1,32.22,152.9,14
592,2023-09-22 15:00:00,177.42,32.93,130.6,15
593,2023-09-22 16:00:00,127.7,32.2,77.1,16
594,2023-09-22 17:00:00,40.77,29.82,20.3,17
595,2023-09-22 18:00:00,2.9,27.4,0.0,18
596,2023-09-22 19:00:00,0.0,23.55,0.0,19
597,2023-09-22 20:00:00,0.0,21.4,0.0,20
598,2023-09-22 21:00:00,0.0,20.33,0.0,21
599,2023-09-22 22:00:00,0.0,20.0,0.0,22
600,2023-09-22 23:00:00,0.0,19.93,0.0,23
601,2023-09-23 00:00:00,0.0,19.03,0.0,0
602,2023-09-23 01:00:00,0.0,19.0,0.0,1
603,2023-09-23 02:00:00,0.0,19.0,0.0,2
604,2023-09-23 03:00:00,0.0,18.38,0.0,3
605,2023-09-23 04:00:00,0.0,18.68,0.0,4
606,2023-09-23 05:00:00,0.0,18.88,0.0,5
607,2023-09-23 06:00:00,4.38,18.92,0.8,6
608,2023-09-23 07:00:00,19.18,19.0,10.6,7
609,2023-09-23 08:00:00,83.53,20.92,60.0,8
610,2023-09-23 09:00:00,133.55,23.17,100.7,9
611,2023-09-23 10:00:00,162.28,25.42,117.5,10
612,2023-09-23 11:00:00,163.47,27.63,122.4,11
613,2023-09-23 12:00:00,118.78,28.33,85.5,12
614,2023-09-23 13:00:00,126.83,28.83,91.5,13
615,2023-09-23 14:00:00,129.12,30.55,91.5,14
616,2023-09-23 15:00:00,64.2,28.92,45.0,15
617,2023-09-23 16:00:00,67.4,28.48,41.9,16
618,2023-09-23 17:00:00,10.43,26.83,3.4,17
619,2023-09-23 18:00:00,0.68,25.38,0.0,18
620,2023-09-23 19:00:00,0.0,23.77,0.0,19
621,2023-09-23 20:00:00,0.0,23.0,0.0,20
622,2023-09-23 21:00:00,0.0,22.62,0.0,21
623,2023-09-23 22:00:00,0.0,22.0,0.0,22
624,2023-09-23 23:00:00,0.0,20.9,0.0,23
625,2023-09-24 00:00:00,0.0,20.28,0.0,0
626,2023-09-24 01:00:00,0.0,19.9,0.0,1
627,2023-09-24 02:00:00,0.0,19.0,0.0,2
628,2023-09-24 03:00:00,0.0,18.03,0.0,3
629,2023-09-24 04:00:00,0.0,18.0,0.0,4
630,2023-09-24 05:00:00,0.0,18.0,0.0,5
631,2023-09-24 06:00:00,3.1,18.0,0.3,6
632,2023-09-24 07:00:00,43.48,18.92,21.5,7
633,2023-09-24 08:00:00,110.17,22.38,74.7,8
634,2023-09-24 09:00:00,158.78,26.05,117.2,9
635,2023-09-24 10:00:00,179.13,28.17,133.0,10
636,2023-09-24 11:00:00,217.13,29.55,160.1,11
637,2023-09-24 12:00:00,231.15,30.32,173.6,12
638,2023-09-24 13:00:00,226.88,32.8,161.5,13
639,2023-09-24 14:00:00,204.12,34.05,159.3,14
640,2023-09-24 15:00:00,150.08,34.9,113.6,15
641,2023-09-24 16:00:00,98.8,33.33,63.4,16
642,2023-09-24 17:00:00,27.73,30.1,15.2,17
643,2023-09-24 18:00:00,1.4,26.82,0.0,18
644,2023-09-24 19:00:00,0.0,24.4,0.0,19
645,2023-09-24 20:00:00,0.0,24.57,0.0,20
646,2023-09-24 21:00:00,0.0,23.87,0.0,21
647,2023-09-24 22:00:00,0.0,23.0,0.0,22
648,2023-09-24 23:00:00,0.0,22.42,0.0,23
649,2023-09-25 00:00:00,0.0,22.6,0.0,0
650,2023-09-25 01:00:00,0.0,22.03,0.0,1
651,2023-09-25 02:00:00,0.0,22.77,0.0,2
652,2023-09-25 03:00:00,0.0,22.68,0.0,3
653,2023-09-25 04:00:00,0.0,22.5,0.0,4
654,2023-09-25 05:00:00,0.0,23.0,0.0,5
655,2023-09-25 06:00:00,0.73,22.48,0.0,6
656,2023-09-25 07:00:00,21.42,23.07,11.5,7
657,2023-09-25 08:00:00,41.98,24.12,28.4,8
658,2023-09-25 09:00:00,67.72,25.1,48.1,9
659,2023-09-25 10:00:00,62.6,26.0,43.6,10
660,2023-09-25 11:00:00,74.63,26.55,52.8,11
661,2023-09-25 12:00:00,159.22,28.38,118.3,12
662,2023-09-25 13:00:00,124.18,30.72,89.2,13
663,2023-09-25 14:00:00,105.98,31.22,77.9,14
664,2023-09-25 15:00:00,147.07,32.53,110.0,15
665,2023-09-25 16:00:00,44.12,30.77,28.9,16
666,2023-09-25 17:00:00,12.2,28.58,5.3,17
667,2023-09-25 18:00:00,0.08,27.75,0.0,18
668,2023-09-25 19:00:00,0.0,26.68,0.0,19
669,2023-09-25 20:00:00,0.0,26.08,0.0,20
670,2023-09-25 21:00:00,0.0,26.0,0.0,21
671,2023-09-25 22:00:00,0.0,26.0,0.0,22
672,2023-09-25 23:00:00,0.0,25.73,0.0,23
673,2023-09-26 00:00:00,0.0,25.0,0.0,0
674,2023-09-26 01:00:00,0.0,25.0,0.0,1
675,2023-09-26 02:00:00,0.0,24.65,0.0,2
676,2023-09-26 03:00:00,0.0,24.83,0.0,3
677,2023-09-26 04:00:00,0.0,25.0,0.0,4
678,2023-09-26 05:00:00,0.0,25.0,0.0,5
679,2023-09-26 06:00:00,0.27,25.0,2.86,6
680,2023-09-26 07:00:00,8.85,25.8,28.08,7
681,2023-09-26 08:00:00,21.97,26.1,82.16,8
682,2023-09-26 09:00:00,56.75,27.08,118.83,9
683,2023-09-26 10:00:00,147.52,29.04,125.12,10
684,2023-09-26 11:00:00,108.68,29.55,150.01,11
685,2023-09-26 12:00:00,140.98,29.08,171.92,12
686,2023-09-26 13:00:00,64.17,29.22,163.01,13
687,2023-09-26 14:00:00,84.75,29.53,134.94,14
688,2023-09-26 15:00:00,38.95,29.0,126.68,15
689,2023-09-26 16:00:00,14.3,28.41,69.19,16
690,2023-09-26 17:00:00,2.67,27.0,38.91,17
691,2023-09-26 18:00:00,0.0,26.73,7.13,18
692,2023-09-26 19:00:00,0.0,26.0,0.0,19
693,2023-09-26 20:00:00,0.0,25.08,0.0,20
694,2023-09-26 21:00:00,0.0,25.0,0.0,21
695,2023-09-26 22:00:00,0.0,25.0,0.0,22
696,2023-09-26 23:00:00,0.0,25.0,0.0,23
697,2023-09-27 00:00:00,0.0,25.0,0.0,0
698,2023-09-27 01:00:00,0.0,25.0,0.0,1
699,2023-09-27 02:00:00,0.0,25.0,0.0,2
700,2023-09-27 03:00:00,0.0,25.0,0.0,3
701,2023-09-27 04:00:00,0.0,25.0,0.0,4
702,2023-09-27 05:00:00,0.0,23.97,0.0,5
703,2023-09-27 06:00:00,1.1,24.0,2.71,6
704,2023-09-27 07:00:00,30.95,24.9,32.67,7
705,2023-09-27 08:00:00,79.47,26.32,82.36,8
706,2023-09-27 09:00:00,32.95,27.0,126.42,9
707,2023-09-27 10:00:00,102.12,27.75,157.78,10
708,2023-09-27 11:00:00,75.02,28.33,174.98,11
709,2023-09-27 12:00:00,76.18,28.28,164.07,12
710,2023-09-27 13:00:00,89.28,28.37,132.63,13
711,2023-09-27 14:00:00,101.43,28.07,147.46,14
712,2023-09-27 15:00:00,110.55,27.85,127.25,15
713,2023-09-27 16:00:00,66.23,29.48,91.14,16
714,2023-09-27 17:00:00,17.03,28.25,32.38,17
715,2023-09-27 18:00:00,0.54,26.37,0.73,18
716,2023-09-27 19:00:00,0.0,25.38,0.0,19
717,2023-09-27 20:00:00,0.0,25.0,0.0,20
718,2023-09-27 21:00:00,0.0,24.07,0.0,21
719,2023-09-27 22:00:00,0.0,24.0,0.0,22
720,2023-10-04 13:00:00,229.14,29.83,48.0,13
721,2023-10-04 14:00:00,182.12,30.32,54.9,14
722,2023-10-04 15:00:00,137.72,29.97,35.3,15
723,2023-10-04 16:00:00,71.28,28.21,9.2,16
724,2023-10-04 17:00:00,19.28,26.05,0.1,17
725,2023-10-04 18:00:00,0.0,23.27,0.0,18
726,2023-10-04 19:00:00,0.0,21.25,0.0,19
727,2023-10-04 20:00:00,0.0,20.18,0.0,20
728,2023-10-04 21:00:00,0.0,20.0,0.0,21
729,2023-10-04 22:00:00,0.0,20.0,0.0,22
730,2023-10-04 23:00:00,0.0,20.53,0.0,23
731,2023-10-05 00:00:00,0.0,22.0,0.0,0
732,2023-10-05 01:00:00,0.0,21.88,0.0,1
733,2023-10-05 02:00:00,0.0,21.0,0.0,2
734,2023-10-05 03:00:00,0.0,20.72,0.0,3
735,2023-10-05 04:00:00,0.0,19.63,0.0,4
736,2023-10-05 05:00:00,0.0,18.54,0.0,5
737,2023-10-05 06:00:00,0.84,18.0,0.18,6
738,2023-10-05 07:00:00,21.79,18.65,13.96,7
739,2023-10-05 08:00:00,64.98,19.21,65.42,8
740,2023-10-05 09:00:00,154.71,20.64,130.45,9
741,2023-10-05 10:00:00,205.95,22.17,164.28,10
742,2023-10-05 11:00:00,231.35,23.53,181.88,11
743,2023-10-05 12:00:00,238.55,24.03,189.55,12
744,2023-10-05 13:00:00,226.13,24.83,183.64,13
745,2023-10-05 14:00:00,186.49,25.08,163.5,14
746,2023-10-05 15:00:00,135.23,24.79,132.6,15
747,2023-10-05 16:00:00,79.44,23.04,87.9,16
748,2023-10-05 17:00:00,29.47,21.46,35.3,17
749,2023-10-05 18:00:00,0.0,19.02,3.1,18
750,2023-10-05 19:00:00,0.0,17.76,0.0,19
751,2023-10-05 20:00:00,0.0,16.36,0.0,20
752,2023-10-05 21:00:00,0.0,15.05,0.0,21
753,2023-10-05 22:00:00,0.0,15.61,0.0,22
754,2023-10-05 23:00:00,0.0,16.91,0.0,23
755,2023-10-06 00:00:00,0.0,16.34,0.0,0
756,2023-10-06 01:00:00,0.0,15.89,0.0,1
757,2023-10-06 02:00:00,0.0,16.81,0.0,2
758,2023-10-06 03:00:00,0.0,16.72,0.0,3
759,2023-10-06 04:00:00,0.0,16.0,0.0,4
760,2023-10-06 05:00:00,0.0,16.7,0.0,5
761,2023-10-06 06:00:00,1.45,15.88,1.1,6
762,2023-10-06 07:00:00,16.86,16.04,27.0,7
763,2023-10-06 08:00:00,51.6,18.26,76.1,8
764,2023-10-06 09:00:00,90.86,20.02,122.1,9
765,2023-10-06 10:00:00,136.7,22.23,158.1,10
766,2023-10-06 11:00:00,126.43,23.45,162.7,11
767,2023-10-06 12:00:00,196.58,25.18,87.6,12
768,2023-10-06 13:00:00,118.95,24.98,160.1,13
769,2023-10-06 14:00:00,130.38,25.03,167.3,14
770,2023-10-06 15:00:00,84.53,24.71,139.0,15
771,2023-10-06 16:00:00,32.04,22.82,76.3,16
772,2023-10-06 17:00:00,3.3,16.5,22.9,17
773,2023-10-06 18:00:00,0.0,0.0,1.2,18
774,2023-10-06 19:00:00,0.0,0.0,0.0,19
775,2023-10-06 20:00:00,0.0,0.0,0.0,20
776,2023-10-06 21:00:00,0.0,0.0,0.0,21
777,2023-10-06 22:00:00,0.0,0.0,0.0,22
778,2023-10-06 23:00:00,0.0,0.0,0.0,23
779,2023-10-07 00:00:00,0.0,0.0,0.0,0
780,2023-10-07 01:00:00,0.0,0.0,0.0,1
781,2023-10-07 02:00:00,0.0,0.0,0.0,2
782,2023-10-07 03:00:00,0.0,0.0,0.0,3
783,2023-10-07 04:00:00,0.0,0.0,0.0,4
784,2023-10-07 05:00:00,0.0,0.0,0.0,5
785,2023-10-07 06:00:00,0.0,0.0,0.0,6
786,2023-10-07 07:00:00,0.0,0.0,1.2,7
787,2023-10-07 08:00:00,0.0,0.0,29.5,8
788,2023-10-07 09:00:00,0.0,0.0,64.8,9
789,2023-10-07 10:00:00,0.0,0.0,51.7,10
790,2023-10-07 11:00:00,0.0,0.0,4.1,11
791,2023-10-07 12:00:00,0.0,0.0,28.2,12
792,2023-10-07 13:00:00,0.0,0.0,0.9,13
793,2023-10-07 14:00:00,0.0,0.0,0.0,14
794,2023-10-07 15:00:00,0.0,0.0,6.6,15
795,2023-10-07 16:00:00,0.0,0.0,16.6,16
796,2023-10-07 17:00:00,0.0,0.0,17.0,17
797,2023-10-07 18:00:00,0.0,0.0,0.0,18
798,2023-10-07 19:00:00,0.0,0.0,0.0,19
799,2023-10-07 20:00:00,0.0,0.0,0.0,20
800,2023-10-07 21:00:00,0.0,0.0,0.0,21
801,2023-10-07 22:00:00,0.0,0.0,0.0,22
802,2023-10-07 23:00:00,0.0,0.0,0.0,23
803,2023-10-08 00:00:00,0.0,0.0,0.0,0
804,2023-10-08 01:00:00,0.0,0.0,0.0,1
805,2023-10-08 02:00:00,0.0,0.0,0.0,2
806,2023-10-08 03:00:00,0.0,0.0,0.0,3
807,2023-10-08 04:00:00,0.0,0.0,0.0,4
808,2023-10-08 05:00:00,0.0,0.0,0.0,5
809,2023-10-08 06:00:00,0.0,0.0,0.6,6
810,2023-10-08 07:00:00,0.0,0.0,22.6,7
811,2023-10-08 08:00:00,0.0,0.0,32.1,8
812,2023-10-08 09:00:00,0.0,0.0,67.9,9
813,2023-10-08 10:00:00,0.0,0.0,75.8,10
814,2023-10-08 11:00:00,0.0,0.0,85.6,11
815,2023-10-08 12:00:00,0.0,0.0,138.5,12
816,2023-10-08 13:00:00,0.0,0.0,97.5,13
817,2023-10-08 14:00:00,0.0,0.0,91.7,14
818,2023-10-08 15:00:00,0.0,0.0,82.7,15
819,2023-10-08 16:00:00,0.0,0.0,53.5,16
820,2023-10-08 17:00:00,0.0,0.0,38.6,17
821,2023-10-08 18:00:00,0.0,0.0,2.1,18
822,2023-10-08 19:00:00,0.0,0.0,0.0,19
823,2023-10-08 20:00:00,0.0,0.0,0.0,20
824,2023-10-08 21:00:00,0.0,0.0,0.0,21
825,2023-10-08 22:00:00,0.0,0.0,0.0,22
826,2023-10-08 23:00:00,0.0,0.0,0.0,23
827,2023-10-09 00:00:00,0.0,0.0,0.0,0
828,2023-10-09 01:00:00,0.0,0.0,0.0,1
829,2023-10-09 02:00:00,0.0,0.0,0.0,2
830,2023-10-09 03:00:00,0.0,0.0,0.0,3
831,2023-10-09 04:00:00,0.0,0.0,0.0,4
832,2023-10-09 05:00:00,0.0,0.0,0.0,5
833,2023-10-09 06:00:00,0.0,0.0,0.4,6
834,2023-10-09 07:00:00,0.0,0.0,29.4,7
835,2023-10-09 08:00:00,0.0,0.0,81.0,8
836,2023-10-09 09:00:00,0.0,0.0,127.4,9
837,2023-10-09 10:00:00,0.0,0.0,161.0,10
838,2023-10-09 11:00:00,0.0,0.0,132.8,11
839,2023-10-09 12:00:00,0.0,0.0,117.8,12
840,2023-10-09 13:00:00,0.0,0.0,124.8,13
841,2023-10-09 14:00:00,0.0,0.0,89.7,14
842,2023-10-09 15:00:00,0.0,0.0,95.8,15
843,2023-10-09 16:00:00,0.0,0.0,83.7,16
844,2023-10-09 17:00:00,0.0,0.0,27.4,17
845,2023-10-09 18:00:00,0.0,0.0,2.0,18
846,2023-10-09 19:00:00,0.0,0.0,0.0,19
847,2023-10-09 20:00:00,0.0,0.0,0.0,20
848,2023-10-09 21:00:00,0.0,0.0,0.0,21
849,2023-10-09 22:00:00,0.0,0.0,0.0,22
850,2023-10-09 23:00:00,0.0,0.0,0.0,23
851,2023-10-10 00:00:00,0.0,0.0,0.0,0
852,2023-10-10 01:00:00,0.0,0.0,0.0,1
853,2023-10-10 02:00:00,0.0,0.0,0.0,2
854,2023-10-10 03:00:00,0.0,0.0,0.0,3
855,2023-10-10 04:00:00,0.0,0.0,0.0,4
856,2023-10-10 05:00:00,0.0,0.0,0.0,5
857,2023-10-10 06:00:00,0.0,0.0,0.4,6
858,2023-10-10 07:00:00,0.0,0.0,11.9,7
859,2023-10-10 08:00:00,0.0,0.0,44.9,8
860,2023-10-10 09:00:00,0.0,0.0,87.5,9
861,2023-10-10 10:00:00,0.0,0.0,145.1,10
862,2023-10-10 11:00:00,0.0,0.0,181.1,11
863,2023-10-10 12:00:00,0.0,0.0,127.8,12
864,2023-10-10 13:00:00,31.98,6.16,126.1,13
865,2023-10-10 14:00:00,152.64,27.52,125.0,14
866,2023-10-10 15:00:00,91.04,26.21,95.8,15
867,2023-10-10 16:00:00,61.2,24.46,52.8,16
868,2023-10-10 17:00:00,11.0,23.02,30.3,17
869,2023-10-10 18:00:00,0.0,21.04,1.6,18
870,2023-10-10 19:00:00,0.0,19.7,0.0,19
871,2023-10-10 20:00:00,0.0,18.86,0.0,20
872,2023-10-10 21:00:00,0.0,18.04,0.0,21
873,2023-10-10 22:00:00,0.0,17.82,0.0,22
874,2023-10-10 23:00:00,0.0,17.0,0.0,23
875,2023-10-11 00:00:00,0.0,16.05,0.0,0
876,2023-10-11 01:00:00,0.0,15.88,0.0,1
877,2023-10-11 02:00:00,0.0,15.32,0.0,2
878,2023-10-11 03:00:00,0.0,15.79,0.0,3
879,2023-10-11 04:00:00,0.0,16.0,0.0,4
880,2023-10-11 05:00:00,0.0,16.0,0.0,5
881,2023-10-11 06:00:00,0.75,15.88,0.7,6
882,2023-10-11 07:00:00,31.12,15.35,18.3,7
883,2023-10-11 08:00:00,95.87,17.85,62.5,8
884,2023-10-11 09:00:00,149.19,20.95,134.0,9
885,2023-10-11 10:00:00,191.25,24.21,158.1,10
886,2023-10-11 11:00:00,218.11,26.44,144.8,11
887,2023-10-11 12:00:00,225.98,28.78,155.8,12
888,2023-10-11 13:00:00,215.28,30.11,132.8,13
889,2023-10-11 14:00:00,100.16,29.3,152.9,14
890,2023-10-11 15:00:00,116.86,29.73,130.6,15
891,2023-10-11 16:00:00,76.12,29.74,77.1,16
892,2023-10-11 17:00:00,18.67,26.07,20.3,17
893,2023-10-11 18:00:00,0.0,23.04,0.0,18
894,2023-10-11 19:00:00,0.0,21.04,0.0,19
895,2023-10-11 20:00:00,0.0,19.02,0.0,20
896,2023-10-11 21:00:00,0.0,18.16,0.0,21
897,2023-10-11 22:00:00,0.0,17.82,0.0,22
898,2023-10-11 23:00:00,0.0,17.0,0.0,23
899,2023-10-12 00:00:00,0.0,16.38,0.0,0
900,2023-10-12 01:00:00,0.0,15.88,0.0,1
901,2023-10-12 02:00:00,0.0,15.58,0.0,2
902,2023-10-12 03:00:00,0.0,16.0,0.0,3
903,2023-10-12 04:00:00,0.0,15.0,0.0,4
904,2023-10-12 05:00:00,0.0,15.0,0.0,5
905,2023-10-12 06:00:00,0.67,15.0,0.8,6
906,2023-10-12 07:00:00,28.2,15.43,10.6,7
907,2023-10-12 08:00:00,92.27,17.68,60.0,8
908,2023-10-12 09:00:00,147.67,20.5,100.7,9
909,2023-10-12 10:00:00,191.08,23.68,117.5,10
910,2023-10-12 11:00:00,218.9,26.97,122.4,11
911,2023-10-12 12:00:00,226.03,27.93,85.5,12
912,2023-10-12 13:00:00,210.05,29.23,91.5,13
913,2023-10-12 14:00:00,141.85,29.4,91.5,14
914,2023-10-12 15:00:00,133.68,30.38,45.0,15
915,2023-10-12 16:00:00,58.22,28.0,41.9,16
916,2023-10-12 17:00:00,22.95,27.3,3.4,17
917,2023-10-12 18:00:00,0.0,22.77,0.0,18
918,2023-10-12 19:00:00,0.0,20.82,0.0,19
919,2023-10-12 20:00:00,0.0,1.33,0.0,20
920,2023-10-12 21:00:00,0.0,0.0,0.0,21
921,2023-10-12 22:00:00,0.0,0.0,0.0,22
922,2023-10-12 23:00:00,0.0,0.0,0.0,23
923,2023-10-13 00:00:00,0.0,0.0,0.0,0
924,2023-10-13 01:00:00,0.0,0.0,0.0,1
925,2023-10-13 02:00:00,0.0,0.0,0.0,2
926,2023-10-13 03:00:00,0.0,0.0,0.0,3
927,2023-10-13 04:00:00,0.0,0.0,0.0,4
928,2023-10-13 05:00:00,0.0,0.0,0.0,5
929,2023-10-13 06:00:00,0.0,0.0,0.0,6
930,2023-10-13 07:00:00,0.0,0.0,0.0,7
931,2023-10-13 08:00:00,0.0,0.0,0.0,8
932,2023-10-13 09:00:00,7.57,1.75,8.7,9
933,2023-10-13 10:00:00,105.12,22.25,40.7,10
934,2023-10-13 11:00:00,135.9,25.43,107.3,11
935,2023-10-13 12:00:00,130.18,26.58,178.9,12
936,2023-10-13 13:00:00,127.2,27.28,120.5,13
937,2023-10-13 14:00:00,95.59,27.41,103.5,14
938,2023-10-13 15:00:00,95.12,27.15,39.6,15
939,2023-10-13 16:00:00,31.15,25.78,25.6,16
940,2023-10-13 17:00:00,5.87,24.15,9.8,17
941,2023-10-13 18:00:00,0.0,22.17,0.0,18
942,2023-10-13 19:00:00,0.0,19.19,0.0,19
943,2023-10-13 20:00:00,0.0,0.0,0.0,20
944,2023-10-13 21:00:00,0.0,0.0,0.0,21
945,2023-10-13 22:00:00,0.0,0.0,0.0,22
946,2023-10-13 23:00:00,0.0,0.0,0.0,23
947,2023-10-14 00:00:00,0.0,0.0,0.0,0
948,2023-10-14 01:00:00,0.0,0.0,0.0,1
949,2023-10-14 02:00:00,0.0,0.0,0.0,2
950,2023-10-14 03:00:00,0.0,0.0,0.0,3
951,2023-10-14 04:00:00,0.0,0.0,0.0,4
952,2023-10-14 05:00:00,0.0,0.0,0.0,5
953,2023-10-14 06:00:00,0.0,0.0,1.35,6
954,2023-10-14 07:00:00,0.0,0.0,28.05,7
955,2023-10-14 08:00:00,0.0,0.0,24.32,8
956,2023-10-14 09:00:00,0.0,0.0,48.13,9
957,2023-10-14 10:00:00,0.0,0.0,58.5,10
958,2023-10-14 11:00:00,0.0,0.0,69.69,11
959,2023-10-14 12:00:00,0.0,0.0,38.99,12
960,2023-10-14 13:00:00,0.0,0.0,131.46,13
961,2023-10-14 14:00:00,0.0,0.0,98.91,14
962,2023-10-14 15:00:00,0.0,0.0,30.16,15
963,2023-10-14 16:00:00,0.0,0.0,32.49,16
964,2023-10-14 17:00:00,0.0,0.0,20.14,17
965,2023-10-14 18:00:00,0.0,0.0,4.48,18
966,2023-10-14 19:00:00,0.0,0.0,0.0,19
967,2023-10-14 20:00:00,0.0,0.0,0.0,20
968,2023-10-14 21:00:00,0.0,0.0,0.0,21
969,2023-10-14 22:00:00,0.0,0.0,0.0,22
970,2023-10-14 23:00:00,0.0,0.0,0.0,23
971,2023-10-15 00:00:00,0.0,0.0,0.0,0
972,2023-10-15 01:00:00,0.0,0.0,0.0,1
973,2023-10-15 02:00:00,0.0,0.0,0.0,2
974,2023-10-15 03:00:00,0.0,0.0,0.0,3
975,2023-10-15 04:00:00,0.0,0.0,0.0,4
976,2023-10-15 05:00:00,0.0,0.0,0.0,5
977,2023-10-15 06:00:00,0.0,0.0,0.39,6
978,2023-10-15 07:00:00,0.0,0.0,13.81,7
979,2023-10-15 08:00:00,0.0,0.0,68.34,8
980,2023-10-15 09:00:00,0.0,0.0,115.32,9
981,2023-10-15 10:00:00,0.0,0.0,147.61,10
982,2023-10-15 11:00:00,0.0,0.0,160.78,11
983,2023-10-15 12:00:00,0.0,0.0,119.6,12
984,2023-10-15 13:00:00,0.0,0.0,134.4,13
985,2023-10-15 14:00:00,0.0,0.0,131.6,14
986,2023-10-15 15:00:00,0.0,0.0,55.96,15
987,2023-10-15 16:00:00,0.0,0.0,92.98,16
988,2023-10-15 17:00:00,0.0,0.0,34.65,17
989,2023-10-15 18:00:00,0.0,0.0,5.04,18
990,2023-10-15 19:00:00,0.0,0.0,0.0,19
991,2023-10-15 20:00:00,0.0,0.0,0.0,20
992,2023-10-15 21:00:00,0.0,0.0,0.0,21
993,2023-10-15 22:00:00,0.0,0.0,0.0,22
994,2023-10-15 23:00:00,0.0,0.0,0.0,23
995,2023-10-16 00:00:00,0.0,0.0,0.0,0
996,2023-10-16 01:00:00,0.0,0.0,0.0,1
997,2023-10-16 02:00:00,0.0,0.0,0.0,2
998,2023-10-16 03:00:00,0.0,0.0,0.0,3
999,2023-10-16 04:00:00,0.0,0.0,0.0,4
1000,2023-10-16 05:00:00,0.0,0.0,0.0,5
1001,2023-10-16 06:00:00,0.0,0.0,0.0,6
1002,2023-10-16 07:00:00,0.0,0.0,9.2,7
1003,2023-10-16 08:00:00,0.0,0.0,62.5,8
1004,2023-10-16 09:00:00,28.4,3.86,114.1,9
1005,2023-10-16 10:00:00,136.77,22.7,125.0,10
1006,2023-10-16 11:00:00,177.91,23.16,182.5,11
1007,2023-10-16 12:00:00,195.82,23.98,169.4,12
1008,2023-10-16 13:00:00,197.67,24.68,144.1,13
1009,2023-10-16 14:00:00,174.54,24.88,100.1,14
1010,2023-10-16 15:00:00,129.28,24.32,96.3,15
1011,2023-10-16 16:00:00,74.17,23.08,74.6,16
1012,2023-10-16 17:00:00,17.32,21.28,22.8,17
1013,2023-10-16 18:00:00,0.0,18.45,0.1,18
1014,2023-10-16 19:00:00,0.0,16.47,0.0,19
1015,2023-10-16 20:00:00,0.0,14.75,0.0,20
1016,2023-10-16 21:00:00,0.0,13.58,0.0,21
1017,2023-10-16 22:00:00,0.0,12.97,0.0,22
1018,2023-10-16 23:00:00,0.0,12.02,0.0,23
1019,2024-01-03 00:00:00,0.0,3.1,0.00435,0
1020,2024-01-03 01:00:00,0.0,3.3,0.00435,1
1021,2024-01-03 02:00:00,0.0,3.3,0.00435,2
1022,2024-01-03 03:00:00,0.0,2.7,0.00435,3
1023,2024-01-03 04:00:00,0.0,2.5,0.00435,4
1024,2024-01-03 05:00:00,0.0,2.3,0.00435,5
1025,2024-01-03 06:00:00,0.0,1.9,0.18383501874555214,6
1026,2024-01-03 07:00:00,0.0,1.9,3.750857103611309,7
1027,2024-01-03 08:00:00,0.559,1.8,10.740061813972689,8
1028,2024-01-03 09:00:00,8.041,1.9,23.138510012515052,9
1029,2024-01-03 10:00:00,27.348,2.3,53.61012117060787,10
1030,2024-01-03 11:00:00,125.044,3.4,124.274185000003,11
1031,2024-01-03 12:00:00,178.45,4.0,158.06274500000035,12
1032,2024-01-03 13:00:00,195.13400000000001,4.4,157.45182500000058,13
1033,2024-01-03 14:00:00,149.339,4.7,126.93239000000197,14
1034,2024-01-03 15:00:00,129.559,4.4,115.63356999999922,15
1035,2024-01-03 16:00:00,69.66,3.4,82.15413644691617,16
1036,2024-01-03 17:00:00,20.596999999999998,2.2,18.62974409640335,17
1037,2024-01-03 18:00:00,0.129,0.9,0.7550411095016064,18
1038,2024-01-03 19:00:00,0.0,0.9,0.0048,19
1039,2024-01-03 20:00:00,0.0,0.7,0.0,20
1040,2024-01-03 21:00:00,0.0,0.6,0.0,21
1041,2024-01-03 22:00:00,0.0,0.3,0.0,22
1042,2024-01-03 23:00:00,0.0,0.3,0.0,23
1043,2024-01-04 00:00:00,0.0,0.3,0.0,0
1044,2024-01-04 01:00:00,0.0,0.0,0.0,1
1045,2024-01-04 02:00:00,0.0,-0.3,0.0,2
1046,2024-01-04 03:00:00,0.0,-0.3,0.0,3
1047,2024-01-04 04:00:00,0.0,-0.2,0.0,4
1048,2024-01-04 05:00:00,0.0,-0.1,0.0,5
1049,2024-01-04 06:00:00,0.0,-0.2,0.390792904377894,6
1050,2024-01-04 07:00:00,0.0,-0.2,14.398831564626581,7
1051,2024-01-04 08:00:00,2.924,0.1,43.11385277567613,8
1052,2024-01-04 09:00:00,52.417,1.0,92.2217884623042,9
1053,2024-01-04 10:00:00,119.71199999999999,1.9,103.4106450000018,10
1054,2024-01-04 11:00:00,172.344,3.5,136.62955500000172,11
1055,2024-01-04 12:00:00,202.315,3.7,157.10231000000076,12
1056,2024-01-04 13:00:00,206.4,4.0,155.49738500000063,13
1057,2024-01-04 14:00:00,185.201,4.5,157.18337500000015,14
1058,2024-01-04 15:00:00,141.685,3.9,119.86821000000111,15
1059,2024-01-04 16:00:00,82.345,3.0,102.58329461538386,16
1060,2024-01-04 17:00:00,23.306,1.5,36.02482193370522,17
1061,2024-01-04 18:00:00,0.215,2.4,0.9290561095016028,18
1062,2024-01-04 19:00:00,0.0,2.0,0.0048,19
1063,2024-01-04 20:00:00,0.0,1.2,0.00435,20
1064,2024-01-04 21:00:00,0.0,1.8,0.00435,21
1065,2024-01-04 22:00:00,0.0,0.7,0.0,22
1066,2024-01-04 23:00:00,0.0,0.3,0.0,23
