,date,sunlight,temperature,pv
0,2023-08-27 16:00:00,78.21,36.98,17.94
1,2023-08-27 17:00:00,35.61,34.96,16.32
2,2023-08-27 18:00:00,4.56,32.72,0.07
3,2023-08-27 19:00:00,0.0,30.41,0.0
4,2023-08-27 20:00:00,0.0,30.0,0.0
5,2023-08-27 21:00:00,0.0,29.55,0.0
6,2023-08-27 22:00:00,0.0,29.0,0.0
7,2023-08-27 23:00:00,0.0,28.11,0.0
8,2023-08-28 00:00:00,0.0,28.0,0.0
9,2023-08-28 01:00:00,0.0,28.68,0.0
10,2023-08-28 02:00:00,0.0,29.0,0.0
11,2023-08-28 03:00:00,0.0,28.58,0.0
12,2023-08-28 04:00:00,0.0,28.0,0.0
13,2023-08-28 05:00:00,0.0,28.0,0.0
14,2023-08-28 06:00:00,5.03,28.46,0.51
15,2023-08-28 07:00:00,11.04,28.69,2.79
16,2023-08-28 08:00:00,14.73,27.73,7.03
17,2023-08-28 09:00:00,61.5,27.85,23.89
18,2023-08-28 10:00:00,179.3,30.28,92.79
19,2023-08-28 11:00:00,187.39,32.54,103.77
20,2023-08-28 12:00:00,209.19,34.38,115.26
21,2023-08-28 13:00:00,195.02,35.1,100.84
22,2023-08-28 14:00:00,128.28,34.6,70.59
23,2023-08-28 15:00:00,104.81,34.34,61.36
24,2023-08-28 16:00:00,71.22,34.36,35.08
25,2023-08-28 17:00:00,29.77,32.58,13.52
26,2023-08-28 18:00:00,2.53,30.55,0.13
27,2023-08-28 19:00:00,0.0,29.41,0.0
28,2023-08-28 20:00:00,0.0,29.0,0.0
29,2023-08-28 21:00:00,0.0,29.06,0.0
30,2023-08-28 22:00:00,0.0,29.0,0.0
31,2023-08-28 23:00:00,0.0,28.08,0.0
32,2023-08-29 00:00:00,0.0,28.0,0.0
33,2023-08-29 01:00:00,0.0,28.0,0.0
34,2023-08-29 02:00:00,0.0,28.0,0.0
35,2023-08-29 03:00:00,0.0,28.0,0.0
36,2023-08-29 04:00:00,0.0,28.0,0.0
37,2023-08-29 05:00:00,0.0,28.0,0.0
38,2023-08-29 06:00:00,5.03,28.0,1.6
39,2023-08-29 07:00:00,15.25,28.91,10.04
40,2023-08-29 08:00:00,42.04,29.81,30.59
41,2023-08-29 09:00:00,82.44,31.79,61.25
42,2023-08-29 10:00:00,80.76,32.69,59.51
43,2023-08-29 11:00:00,65.48,32.0,49.47
44,2023-08-29 12:00:00,16.4,28.79,7.49
45,2023-08-29 13:00:00,41.77,28.34,31.19
46,2023-08-29 14:00:00,60.06,30.26,44.32
47,2023-08-29 15:00:00,20.64,29.41,14.43
48,2023-08-29 16:00:00,30.06,29.23,21.21
49,2023-08-29 17:00:00,12.0,28.23,2.85
50,2023-08-29 18:00:00,3.95,27.88,2.23
51,2023-08-29 19:00:00,0.0,27.0,0.0
52,2023-08-29 20:00:00,0.0,27.0,0.0
53,2023-08-29 21:00:00,0.0,27.0,0.0
54,2023-08-29 22:00:00,0.0,26.56,0.0
55,2023-08-29 23:00:00,0.0,26.0,0.0
56,2023-08-30 00:00:00,0.0,26.0,0.0
57,2023-08-30 01:00:00,0.0,26.0,0.0
58,2023-08-30 02:00:00,0.0,26.0,0.0
59,2023-08-30 03:00:00,0.0,26.0,0.0
60,2023-08-30 04:00:00,0.0,26.0,0.0
61,2023-08-30 05:00:00,0.0,25.9,0.0
62,2023-08-30 06:00:00,0.98,25.27,0.15
63,2023-08-30 07:00:00,7.07,25.58,1.57
64,2023-08-30 08:00:00,19.61,25.22,12.11
65,2023-08-30 09:00:00,46.68,26.52,34.34
66,2023-08-30 10:00:00,34.88,26.85,25.53
67,2023-08-30 11:00:00,86.08,27.27,65.54
68,2023-08-30 12:00:00,57.7,27.0,43.4
69,2023-08-30 13:00:00,71.92,27.89,54.26
70,2023-08-30 14:00:00,58.32,27.77,43.33
71,2023-08-30 15:00:00,28.82,26.62,20.86
72,2023-08-30 16:00:00,16.17,25.37,11.42
73,2023-08-30 17:00:00,8.63,24.01,4.94
74,2023-08-30 18:00:00,0.28,23.0,0.09
75,2023-08-30 19:00:00,0.0,23.0,0.0
76,2023-08-30 20:00:00,0.0,23.0,0.0
77,2023-08-30 21:00:00,0.0,23.0,0.0
78,2023-08-30 22:00:00,0.0,23.0,0.0
79,2023-08-30 23:00:00,0.0,22.06,0.0
80,2023-08-31 00:00:00,0.0,22.0,0.0
81,2023-08-31 01:00:00,0.0,22.0,0.0
82,2023-08-31 02:00:00,0.0,22.0,0.0
83,2023-08-31 03:00:00,0.0,22.0,0.0
84,2023-08-31 04:00:00,0.0,22.0,0.0
85,2023-08-31 05:00:00,0.0,22.0,0.0
86,2023-08-31 06:00:00,8.97,22.44,3.1
87,2023-08-31 07:00:00,27.28,23.04,17.62
88,2023-08-31 08:00:00,96.12,24.76,70.46
89,2023-08-31 09:00:00,140.1,27.87,103.38
90,2023-08-31 10:00:00,202.86,29.98,145.92
91,2023-08-31 11:00:00,274.58,32.38,193.87
92,2023-08-31 12:00:00,250.38,33.24,180.88
93,2023-08-31 13:00:00,249.03,34.27,176.27
94,2023-08-31 14:00:00,228.4,35.5,167.41
95,2023-08-31 15:00:00,188.42,35.24,140.97
96,2023-08-31 16:00:00,127.28,35.03,92.65
97,2023-08-31 17:00:00,72.67,32.95,45.51
98,2023-08-31 18:00:00,12.98,30.28,5.99
99,2023-08-31 19:00:00,0.08,27.69,0.02
100,2023-08-31 20:00:00,0.0,26.07,0.0
101,2023-08-31 21:00:00,0.0,25.0,0.0
102,2023-08-31 22:00:00,0.0,24.35,0.0
103,2023-08-31 23:00:00,0.0,24.0,0.0
104,2023-09-01 00:00:00,0.0,23.95,0.0
105,2023-09-01 01:00:00,0.0,23.19,0.0
106,2023-09-01 02:00:00,0.0,23.0,0.0
107,2023-09-01 03:00:00,0.0,23.0,0.0
108,2023-09-01 04:00:00,0.0,22.44,0.0
109,2023-09-01 05:00:00,0.0,22.84,0.0
110,2023-09-01 06:00:00,2.73,23.0,0.64
111,2023-09-01 07:00:00,25.78,23.59,16.31
112,2023-09-01 08:00:00,48.92,25.25,35.72
113,2023-09-01 09:00:00,79.73,26.68,60.06
114,2023-09-01 10:00:00,147.43,29.02,111.09
115,2023-09-01 11:00:00,200.75,31.31,147.13
116,2023-09-01 12:00:00,202.54,32.92,147.39
117,2023-09-01 13:00:00,266.68,35.22,191.25
118,2023-09-01 14:00:00,230.65,36.11,164.83
119,2023-09-01 15:00:00,178.73,36.72,132.86
120,2023-09-01 16:00:00,113.38,35.9,81.39
121,2023-09-01 17:00:00,58.13,35.59,39.07
122,2023-09-01 18:00:00,12.64,32.91,7.6
123,2023-09-01 19:00:00,0.0,29.32,0.0
124,2023-09-01 20:00:00,0.0,27.18,0.0
125,2023-09-01 21:00:00,0.0,26.86,0.0
126,2023-09-01 22:00:00,0.0,26.24,0.0
127,2023-09-01 23:00:00,0.0,25.68,0.0
128,2023-09-02 00:00:00,0.0,25.0,0.0
129,2023-09-02 01:00:00,0.0,25.51,0.0
130,2023-09-02 02:00:00,0.0,26.0,0.0
131,2023-09-02 03:00:00,0.0,26.0,0.0
132,2023-09-02 04:00:00,0.0,24.92,0.0
133,2023-09-02 05:00:00,0.0,24.0,0.0
134,2023-09-02 06:00:00,3.34,24.18,1.35
135,2023-09-02 07:00:00,40.48,25.39,28.05
136,2023-09-02 08:00:00,34.28,26.0,24.32
137,2023-09-02 09:00:00,64.21,25.76,48.13
138,2023-09-02 10:00:00,78.31,27.58,58.5
139,2023-09-02 11:00:00,94.74,28.17,69.69
140,2023-09-02 12:00:00,53.68,29.0,38.99
141,2023-09-02 13:00:00,178.61,29.43,131.46
142,2023-09-02 14:00:00,136.23,31.61,98.91
143,2023-09-02 15:00:00,42.32,30.98,30.16
144,2023-09-02 16:00:00,45.18,29.08,32.49
145,2023-09-02 17:00:00,29.64,29.0,20.14
146,2023-09-02 18:00:00,7.46,28.69,4.48
147,2023-09-02 19:00:00,0.0,28.0,0.0
148,2023-09-02 20:00:00,0.0,27.82,0.0
149,2023-09-02 21:00:00,0.0,27.0,0.0
150,2023-09-02 22:00:00,0.0,27.0,0.0
151,2023-09-02 23:00:00,0.0,27.0,0.0
152,2023-09-03 00:00:00,0.0,27.0,0.0
153,2023-09-03 01:00:00,0.0,26.78,0.0
154,2023-09-03 02:00:00,0.0,27.0,0.0
155,2023-09-03 03:00:00,0.0,27.0,0.0
156,2023-09-03 04:00:00,0.0,27.0,0.0
157,2023-09-03 05:00:00,0.0,27.0,0.0
158,2023-09-03 06:00:00,2.37,27.0,0.39
159,2023-09-03 07:00:00,23.63,27.71,13.81
160,2023-09-03 08:00:00,95.55,29.24,68.34
161,2023-09-03 09:00:00,161.31,32.09,115.32
162,2023-09-03 10:00:00,202.38,34.47,147.61
163,2023-09-03 11:00:00,224.63,36.26,160.78
164,2023-09-03 12:00:00,168.84,36.38,119.6
165,2023-09-03 13:00:00,190.15,36.61,134.4
166,2023-09-03 14:00:00,180.2,37.52,131.6
167,2023-09-03 15:00:00,76.74,35.38,55.96
168,2023-09-03 16:00:00,130.61,36.86,92.98
169,2023-09-03 17:00:00,54.48,36.69,34.65
170,2023-09-03 18:00:00,9.38,33.04,5.04
171,2023-09-03 19:00:00,0.0,30.22,0.0
172,2023-09-03 20:00:00,0.0,29.32,0.0
173,2023-09-03 21:00:00,0.0,28.24,0.0
174,2023-09-03 22:00:00,0.0,27.36,0.0
175,2023-09-03 23:00:00,0.0,27.0,0.0
176,2023-09-04 00:00:00,0.0,27.0,0.0
177,2023-09-04 01:00:00,0.0,27.0,0.0
178,2023-09-04 02:00:00,0.0,26.78,0.0
179,2023-09-04 03:00:00,0.0,26.92,0.0
180,2023-09-04 04:00:00,0.0,26.0,0.0
181,2023-09-04 05:00:00,0.0,26.0,0.0
182,2023-09-04 06:00:00,10.13,26.0,2.86
183,2023-09-04 07:00:00,47.39,26.72,28.08
184,2023-09-04 08:00:00,120.91,29.49,82.16
185,2023-09-04 09:00:00,164.03,32.21,118.83
186,2023-09-04 10:00:00,170.9,33.7,125.12
187,2023-09-04 11:00:00,205.27,35.72,150.01
188,2023-09-04 12:00:00,241.42,37.38,171.92
189,2023-09-04 13:00:00,226.72,38.58,163.01
190,2023-09-04 14:00:00,187.78,37.92,134.94
191,2023-09-04 15:00:00,169.86,38.05,126.68
192,2023-09-04 16:00:00,93.38,35.2,69.19
193,2023-09-04 17:00:00,56.07,34.12,38.91
194,2023-09-04 18:00:00,11.26,31.05,7.13
195,2023-09-04 19:00:00,0.0,28.0,0.0
196,2023-09-04 20:00:00,0.0,28.0,0.0
197,2023-09-04 21:00:00,0.0,27.01,0.0
198,2023-09-04 22:00:00,0.0,27.0,0.0
199,2023-09-04 23:00:00,0.0,27.0,0.0
200,2023-09-05 00:00:00,0.0,26.78,0.0
201,2023-09-05 01:00:00,0.0,25.87,0.0
202,2023-09-05 02:00:00,0.0,26.0,0.0
203,2023-09-05 03:00:00,0.0,26.0,0.0
204,2023-09-05 04:00:00,0.0,26.0,0.0
205,2023-09-05 05:00:00,0.0,26.0,0.0
206,2023-09-05 06:00:00,3.78,26.0,0.99
207,2023-09-05 07:00:00,30.56,26.08,20.11
208,2023-09-05 08:00:00,115.44,28.21,80.39
209,2023-09-05 09:00:00,164.48,29.66,118.33
210,2023-09-05 10:00:00,168.45,32.39,121.54
211,2023-09-05 11:00:00,227.54,35.5,158.99
212,2023-09-05 12:00:00,202.32,36.31,145.67
213,2023-09-05 13:00:00,163.63,37.23,117.11
214,2023-09-05 14:00:00,190.94,38.42,140.91
215,2023-09-05 15:00:00,98.88,35.7,73.97
216,2023-09-05 16:00:00,57.75,33.0,42.02
217,2023-09-05 17:00:00,29.89,32.53,20.89
218,2023-09-05 18:00:00,7.02,31.63,2.12
219,2023-09-05 19:00:00,0.0,30.15,0.0
220,2023-09-05 20:00:00,0.0,29.26,0.0
221,2023-09-05 21:00:00,0.0,28.53,0.0
222,2023-09-05 22:00:00,0.0,28.0,0.0
223,2023-09-05 23:00:00,0.0,27.02,0.0
224,2023-09-06 00:00:00,0.0,26.29,0.0
225,2023-09-06 01:00:00,0.0,26.0,0.0
226,2023-09-06 02:00:00,0.0,26.0,0.0
227,2023-09-06 03:00:00,0.0,25.74,0.0
228,2023-09-06 04:00:00,0.0,25.28,0.0
229,2023-09-06 05:00:00,0.0,25.16,0.0
230,2023-09-06 06:00:00,6.22,25.02,2.71
231,2023-09-06 07:00:00,57.95,26.32,32.67
232,2023-09-06 08:00:00,119.28,27.88,82.36
233,2023-09-06 09:00:00,174.26,31.38,126.42
234,2023-09-06 10:00:00,216.6,34.1,157.78
235,2023-09-06 11:00:00,245.01,36.19,174.98
236,2023-09-06 12:00:00,232.03,37.4,164.07
237,2023-09-06 13:00:00,189.05,37.63,132.63
238,2023-09-06 14:00:00,200.36,37.72,147.46
239,2023-09-06 15:00:00,174.23,38.02,127.25
240,2023-09-06 16:00:00,129.52,36.37,91.14
241,2023-09-06 17:00:00,52.38,35.1,32.38
242,2023-09-06 18:00:00,3.25,30.19,0.73
243,2023-09-06 19:00:00,0.0,28.39,0.0
244,2023-09-06 20:00:00,0.0,28.0,0.0
245,2023-09-06 21:00:00,0.0,27.42,0.0
246,2023-09-06 22:00:00,0.0,27.0,0.0
247,2023-09-06 23:00:00,0.0,26.21,0.0
248,2023-09-07 00:00:00,0.0,26.0,0.0
249,2023-09-07 01:00:00,0.0,26.0,0.0
250,2023-09-07 02:00:00,0.0,25.29,0.0
251,2023-09-07 03:00:00,0.0,25.0,0.0
252,2023-09-07 04:00:00,0.0,24.69,0.0
253,2023-09-07 05:00:00,0.0,24.0,0.0
254,2023-09-07 06:00:00,2.91,24.0,0.18
255,2023-09-07 07:00:00,23.18,24.58,13.96
256,2023-09-07 08:00:00,95.31,26.18,65.42
257,2023-09-07 09:00:00,178.4,29.41,130.45
258,2023-09-07 10:00:00,222.98,31.41,164.28
259,2023-09-07 11:00:00,253.12,34.39,181.88
260,2023-09-07 12:00:00,264.66,35.38,189.55
261,2023-09-07 13:00:00,256.18,37.5,183.64
262,2023-09-07 14:00:00,224.58,39.08,163.5
263,2023-09-07 15:00:00,178.6,37.71,132.6
264,2023-09-07 16:00:00,125.16,37.42,87.9
265,2023-09-07 17:00:00,60.49,37.14,35.3
266,2023-09-07 18:00:00,10.37,33.39,3.1
267,2023-09-07 19:00:00,0.0,29.72,0.0
268,2023-09-07 20:00:00,0.0,27.81,0.0
269,2023-09-07 21:00:00,0.0,26.59,0.0
270,2023-09-07 22:00:00,0.0,25.39,0.0
271,2023-09-07 23:00:00,0.0,24.56,0.0
272,2023-09-08 00:00:00,0.0,23.8,0.0
273,2023-09-08 01:00:00,0.0,24.0,0.0
274,2023-09-08 02:00:00,0.0,23.23,0.0
275,2023-09-08 03:00:00,0.0,22.28,0.0
276,2023-09-08 04:00:00,0.0,22.0,0.0
277,2023-09-08 05:00:00,0.0,21.42,0.0
278,2023-09-08 06:00:00,5.63,21.0,0.1
279,2023-09-08 07:00:00,62.03,22.66,24.7
280,2023-09-08 08:00:00,121.22,25.78,84.0
281,2023-09-08 09:00:00,177.72,27.92,130.8
282,2023-09-08 10:00:00,223.09,30.59,164.9
283,2023-09-08 11:00:00,254.42,33.58,183.3
284,2023-09-08 12:00:00,263.73,35.92,189.1
285,2023-09-08 13:00:00,251.05,35.66,181.7
286,2023-09-08 14:00:00,216.88,36.64,159.5
287,2023-09-08 15:00:00,175.43,37.48,131.2
288,2023-09-08 16:00:00,123.53,38.8,85.9
289,2023-09-08 17:00:00,60.32,34.57,34.3
290,2023-09-08 18:00:00,9.39,30.93,2.6
291,2023-09-08 19:00:00,0.0,28.13,0.0
292,2023-09-08 20:00:00,0.0,26.13,0.0
293,2023-09-08 21:00:00,0.0,25.0,0.0
294,2023-09-08 22:00:00,0.0,24.19,0.0
295,2023-09-08 23:00:00,0.0,23.97,0.0
296,2023-09-09 00:00:00,0.0,23.0,0.0
297,2023-09-09 01:00:00,0.0,23.0,0.0
298,2023-09-09 02:00:00,0.0,22.73,0.0
299,2023-09-09 03:00:00,0.0,22.01,0.0
300,2023-09-09 04:00:00,0.0,22.0,0.0
301,2023-09-09 05:00:00,0.0,22.0,0.0
302,2023-09-09 06:00:00,4.74,22.0,0.4
303,2023-09-09 07:00:00,58.31,23.23,29.4
304,2023-09-09 08:00:00,117.12,25.82,81.0
305,2023-09-09 09:00:00,173.63,28.55,127.4
306,2023-09-09 10:00:00,219.06,31.94,161.0
307,2023-09-09 11:00:00,182.72,32.78,132.8
308,2023-09-09 12:00:00,165.24,34.02,117.8
309,2023-09-09 13:00:00,163.67,35.33,124.8
310,2023-09-09 14:00:00,120.69,35.7,89.7
311,2023-09-09 15:00:00,127.98,35.95,95.8
312,2023-09-09 16:00:00,119.51,35.67,83.7
313,2023-09-09 17:00:00,45.4,32.98,27.4
314,2023-09-09 18:00:00,5.18,30.16,2.0
315,2023-09-09 19:00:00,0.0,28.21,0.0
316,2023-09-09 20:00:00,0.0,27.3,0.0
317,2023-09-09 21:00:00,0.0,26.5,0.0
318,2023-09-09 22:00:00,0.0,25.87,0.0
319,2023-09-09 23:00:00,0.0,25.0,0.0
320,2023-09-10 00:00:00,0.0,25.0,0.0
321,2023-09-10 01:00:00,0.0,24.59,0.0
322,2023-09-10 02:00:00,0.0,24.0,0.0
323,2023-09-10 03:00:00,0.0,24.0,0.0
324,2023-09-10 04:00:00,0.0,24.0,0.0
325,2023-09-10 05:00:00,0.0,23.79,0.0
326,2023-09-10 06:00:00,1.45,23.72,0.2
327,2023-09-10 07:00:00,32.41,24.28,19.5
328,2023-09-10 08:00:00,87.45,26.39,61.2
329,2023-09-10 09:00:00,167.48,29.49,120.4
330,2023-09-10 10:00:00,219.0,32.84,157.6
331,2023-09-10 11:00:00,196.41,34.33,143.2
332,2023-09-10 12:00:00,136.93,33.23,99.1
333,2023-09-10 13:00:00,252.57,34.89,180.0
334,2023-09-10 14:00:00,155.34,35.05,113.8
335,2023-09-10 15:00:00,175.46,35.51,128.2
336,2023-09-10 16:00:00,112.44,35.36,78.9
337,2023-09-10 17:00:00,49.18,32.55,32.3
338,2023-09-10 18:00:00,7.58,30.44,3.6
339,2023-09-10 19:00:00,0.0,28.45,0.0
340,2023-09-10 20:00:00,0.0,27.24,0.0
341,2023-09-10 21:00:00,0.0,27.0,0.0
342,2023-09-10 22:00:00,0.0,26.08,0.0
343,2023-09-10 23:00:00,0.0,25.31,0.0
344,2023-09-11 00:00:00,0.0,25.0,0.0
345,2023-09-11 01:00:00,0.0,24.32,0.0
346,2023-09-11 02:00:00,0.0,24.0,0.0
347,2023-09-11 03:00:00,0.0,24.0,0.0
348,2023-09-11 04:00:00,0.0,24.0,0.0
349,2023-09-11 05:00:00,0.0,23.38,0.0
350,2023-09-11 06:00:00,4.46,23.34,1.1
351,2023-09-11 07:00:00,48.48,24.45,27.0
352,2023-09-11 08:00:00,111.83,26.82,76.1
353,2023-09-11 09:00:00,168.41,29.62,122.1
354,2023-09-11 10:00:00,217.28,32.52,158.1
355,2023-09-11 11:00:00,228.88,34.48,162.7
356,2023-09-11 12:00:00,120.55,34.44,87.6
357,2023-09-11 13:00:00,225.28,35.51,160.1
358,2023-09-11 14:00:00,234.42,37.92,167.3
359,2023-09-11 15:00:00,191.61,36.98,139.0
360,2023-09-11 16:00:00,108.48,35.53,76.3
361,2023-09-11 17:00:00,35.92,32.88,22.9
362,2023-09-11 18:00:00,3.16,29.59,1.2
363,2023-09-11 19:00:00,0.0,28.47,0.0
364,2023-09-11 20:00:00,0.0,27.18,0.0
365,2023-09-11 21:00:00,0.0,26.31,0.0
366,2023-09-11 22:00:00,0.0,25.68,0.0
367,2023-09-11 23:00:00,0.0,25.0,0.0
368,2023-09-12 00:00:00,0.0,24.75,0.0
369,2023-09-12 01:00:00,0.0,24.18,0.0
370,2023-09-12 02:00:00,0.0,24.0,0.0
371,2023-09-12 03:00:00,0.0,24.0,0.0
372,2023-09-12 04:00:00,0.0,23.45,0.0
373,2023-09-12 05:00:00,0.0,23.08,0.0
374,2023-09-12 06:00:00,2.72,23.55,0.4
375,2023-09-12 07:00:00,21.97,24.25,11.9
376,2023-09-12 08:00:00,62.15,25.84,44.9
377,2023-09-12 09:00:00,120.2,28.43,87.5
378,2023-09-12 10:00:00,201.28,31.8,145.1
379,2023-09-12 11:00:00,261.84,34.39,181.1
380,2023-09-12 12:00:00,180.16,35.62,127.8
381,2023-09-12 13:00:00,177.51,36.07,126.1
382,2023-09-12 14:00:00,171.91,35.68,125.0
383,2023-09-12 15:00:00,133.38,36.25,95.8
384,2023-09-12 16:00:00,74.05,33.07,52.8
385,2023-09-12 17:00:00,44.03,33.09,30.3
386,2023-09-12 18:00:00,3.65,30.92,1.6
387,2023-09-12 19:00:00,0.0,28.68,0.0
388,2023-09-12 20:00:00,0.0,28.0,0.0
389,2023-09-12 21:00:00,0.0,27.21,0.0
390,2023-09-12 22:00:00,0.0,27.0,0.0
391,2023-09-12 23:00:00,0.0,27.0,0.0
392,2023-09-13 00:00:00,0.0,26.38,0.0
393,2023-09-13 01:00:00,0.0,26.0,0.0
394,2023-09-13 02:00:00,0.0,26.0,0.0
395,2023-09-13 03:00:00,0.0,26.0,0.0
396,2023-09-13 04:00:00,0.0,25.39,0.0
397,2023-09-13 05:00:00,0.0,25.0,0.0
398,2023-09-13 06:00:00,0.68,24.28,0.1
399,2023-09-13 07:00:00,17.69,24.48,10.6
400,2023-09-13 08:00:00,40.12,25.21,28.3
401,2023-09-13 09:00:00,98.03,27.18,72.7
402,2023-09-13 10:00:00,80.71,28.78,59.2
403,2023-09-13 11:00:00,50.3,28.18,36.2
404,2023-09-13 12:00:00,65.42,28.56,48.0
405,2023-09-13 13:00:00,65.94,28.91,48.0
406,2023-09-13 14:00:00,75.56,29.0,54.9
407,2023-09-13 15:00:00,51.01,29.23,35.3
408,2023-09-13 16:00:00,17.77,28.8,9.2
409,2023-09-13 17:00:00,5.69,27.62,0.1
410,2023-09-13 18:00:00,0.41,26.78,0.0
411,2023-09-13 19:00:00,0.0,25.59,0.0
412,2023-09-13 20:00:00,0.0,24.84,0.0
413,2023-09-13 21:00:00,0.0,24.02,0.0
414,2023-09-13 22:00:00,0.0,24.0,0.0
415,2023-09-13 23:00:00,0.0,23.86,0.0
416,2023-09-14 00:00:00,0.0,23.0,0.0
417,2023-09-14 01:00:00,0.0,23.31,0.0
418,2023-09-14 02:00:00,0.0,23.13,0.0
419,2023-09-14 03:00:00,0.0,23.0,0.0
420,2023-09-14 04:00:00,0.0,22.81,0.0
421,2023-09-14 05:00:00,0.0,23.0,0.0
422,2023-09-14 06:00:00,0.82,23.24,0.0
423,2023-09-14 07:00:00,15.09,24.0,7.2
424,2023-09-14 08:00:00,42.14,24.79,27.5
425,2023-09-14 09:00:00,64.67,25.59,45.3
426,2023-09-14 10:00:00,53.86,26.84,37.0
427,2023-09-14 11:00:00,89.07,27.82,65.0
428,2023-09-14 12:00:00,75.08,28.46,52.1
429,2023-09-14 13:00:00,49.18,27.26,32.5
430,2023-09-14 14:00:00,49.5,27.0,33.6
431,2023-09-14 15:00:00,31.84,26.95,19.8
432,2023-09-14 16:00:00,12.82,26.22,4.4
433,2023-09-14 17:00:00,7.32,26.0,2.3
434,2023-09-14 18:00:00,0.21,25.62,0.0
435,2023-09-14 19:00:00,0.0,25.0,0.0
436,2023-09-14 20:00:00,0.0,24.4,0.0
437,2023-09-14 21:00:00,0.0,24.33,0.0
438,2023-09-14 22:00:00,0.0,24.0,0.0
439,2023-09-14 23:00:00,0.0,24.0,0.0
440,2023-09-15 00:00:00,0.0,24.98,0.0
441,2023-09-15 01:00:00,0.0,25.0,0.0
442,2023-09-15 02:00:00,0.0,25.0,0.0
443,2023-09-15 03:00:00,0.0,25.0,0.0
444,2023-09-15 04:00:00,0.0,25.0,0.0
445,2023-09-15 05:00:00,0.0,25.0,0.0
446,2023-09-15 06:00:00,0.04,25.0,0.0
447,2023-09-15 07:00:00,0.32,25.0,0.0
448,2023-09-15 08:00:00,5.15,25.0,0.0
449,2023-09-15 09:00:00,17.31,25.0,8.7
450,2023-09-15 10:00:00,57.98,25.48,40.7
451,2023-09-15 11:00:00,145.23,27.11,107.3
452,2023-09-15 12:00:00,241.19,29.89,178.9
453,2023-09-15 13:00:00,168.82,32.73,120.5
454,2023-09-15 14:00:00,140.29,33.83,103.5
455,2023-09-15 15:00:00,57.74,33.61,39.6
456,2023-09-15 16:00:00,39.41,31.98,25.6
457,2023-09-15 17:00:00,18.38,30.62,9.8
458,2023-09-15 18:00:00,0.45,29.28,0.0
459,2023-09-15 19:00:00,0.0,28.0,0.0
460,2023-09-15 20:00:00,0.0,27.08,0.0
461,2023-09-15 21:00:00,0.0,27.0,0.0
462,2023-09-15 22:00:00,0.0,27.0,0.0
463,2023-09-15 23:00:00,0.0,27.0,0.0
464,2023-09-16 00:00:00,0.0,26.97,0.0
465,2023-09-16 01:00:00,0.0,27.0,0.0
466,2023-09-16 02:00:00,0.0,27.0,0.0
467,2023-09-16 03:00:00,0.0,27.0,0.0
468,2023-09-16 04:00:00,0.0,27.0,0.0
469,2023-09-16 05:00:00,0.0,26.1,0.0
470,2023-09-16 06:00:00,0.7,26.0,0.0
471,2023-09-16 07:00:00,9.67,26.52,1.2
472,2023-09-16 08:00:00,43.42,27.4,29.5
473,2023-09-16 09:00:00,89.88,29.28,64.8
474,2023-09-16 10:00:00,74.51,31.05,51.7
475,2023-09-16 11:00:00,9.64,28.53,4.1
476,2023-09-16 12:00:00,42.49,27.93,28.2
477,2023-09-16 13:00:00,3.88,26.72,0.9
478,2023-09-16 14:00:00,0.24,26.0,0.0
479,2023-09-16 15:00:00,13.8,25.95,6.6
480,2023-09-16 16:00:00,28.55,26.0,16.6
481,2023-09-16 17:00:00,29.07,26.78,17.0
482,2023-09-16 18:00:00,0.31,26.6,0.0
483,2023-09-16 19:00:00,0.0,26.0,0.0
484,2023-09-16 20:00:00,0.0,26.0,0.0
485,2023-09-16 21:00:00,0.0,26.0,0.0
486,2023-09-16 22:00:00,0.0,26.0,0.0
487,2023-09-16 23:00:00,0.0,26.0,0.0
488,2023-09-17 00:00:00,0.0,26.0,0.0
489,2023-09-17 01:00:00,0.0,26.0,0.0
490,2023-09-17 02:00:00,0.0,26.0,0.0
491,2023-09-17 03:00:00,0.0,26.0,0.0
492,2023-09-17 04:00:00,0.0,25.81,0.0
493,2023-09-17 05:00:00,0.0,25.0,0.0
494,2023-09-17 06:00:00,3.36,25.0,0.6
495,2023-09-17 07:00:00,37.48,25.99,22.6
496,2023-09-17 08:00:00,49.64,26.62,32.1
497,2023-09-17 09:00:00,93.92,28.65,67.9
498,2023-09-17 10:00:00,104.38,30.02,75.8
499,2023-09-17 11:00:00,120.91,31.09,85.6
500,2023-09-17 12:00:00,200.48,32.54,138.5
501,2023-09-17 13:00:00,135.93,33.05,97.5
502,2023-09-17 14:00:00,129.17,33.42,91.7
503,2023-09-17 15:00:00,113.34,33.57,82.7
504,2023-09-17 16:00:00,78.96,33.17,53.5
505,2023-09-17 17:00:00,62.66,33.03,38.6
506,2023-09-17 18:00:00,6.41,30.4,2.1
507,2023-09-17 19:00:00,0.0,27.81,0.0
508,2023-09-17 20:00:00,0.0,27.0,0.0
509,2023-09-17 21:00:00,0.0,26.12,0.0
510,2023-09-17 22:00:00,0.0,26.0,0.0
511,2023-09-17 23:00:00,0.0,26.0,0.0
512,2023-09-18 00:00:00,0.0,26.0,0.0
513,2023-09-18 01:00:00,0.0,25.71,0.0
514,2023-09-18 02:00:00,0.0,25.11,0.0
515,2023-09-18 03:00:00,0.0,25.06,0.0
516,2023-09-18 04:00:00,0.0,25.0,0.0
517,2023-09-18 05:00:00,0.0,25.0,0.0
518,2023-09-18 06:00:00,1.72,25.0,0.0
519,2023-09-18 07:00:00,20.05,25.01,9.2
520,2023-09-18 08:00:00,97.02,26.72,62.5
521,2023-09-18 09:00:00,161.58,29.72,114.1
522,2023-09-18 10:00:00,172.58,31.48,125.0
523,2023-09-18 11:00:00,253.48,32.77,182.5
524,2023-09-18 12:00:00,238.24,34.16,169.4
525,2023-09-18 13:00:00,197.24,35.34,144.1
526,2023-09-18 14:00:00,132.12,34.07,100.1
527,2023-09-18 15:00:00,130.03,33.89,96.3
528,2023-09-18 16:00:00,114.5,33.63,74.6
529,2023-09-18 17:00:00,41.88,32.47,22.8
530,2023-09-18 18:00:00,4.8,29.87,0.1
531,2023-09-18 19:00:00,0.0,27.52,0.0
532,2023-09-18 20:00:00,0.0,26.22,0.0
533,2023-09-18 21:00:00,0.0,25.37,0.0
534,2023-09-18 22:00:00,0.0,24.98,0.0
535,2023-09-18 23:00:00,0.0,24.17,0.0
536,2023-09-19 00:00:00,0.0,24.0,0.0
537,2023-09-19 01:00:00,0.0,23.93,0.0
538,2023-09-19 02:00:00,0.0,23.17,0.0
539,2023-09-19 03:00:00,0.0,23.98,0.0
540,2023-09-19 04:00:00,0.0,24.0,0.0
541,2023-09-19 05:00:00,0.0,24.0,0.0
542,2023-09-19 06:00:00,1.47,24.02,0.0
543,2023-09-19 07:00:00,13.17,24.88,6.3
544,2023-09-19 08:00:00,40.27,25.18,26.1
545,2023-09-19 09:00:00,68.32,26.27,47.9
546,2023-09-19 10:00:00,116.5,28.92,82.9
547,2023-09-19 11:00:00,110.45,29.38,78.7
548,2023-09-19 12:00:00,141.35,31.37,102.3
549,2023-09-19 13:00:00,143.18,31.7,105.0
550,2023-09-19 14:00:00,173.02,33.43,133.3
551,2023-09-19 15:00:00,163.65,35.6,120.1
552,2023-09-19 16:00:00,73.28,33.48,50.1
553,2023-09-19 17:00:00,43.05,32.43,25.7
554,2023-09-19 18:00:00,4.55,28.83,1.0
555,2023-09-19 19:00:00,0.0,26.27,0.0
556,2023-09-19 20:00:00,0.0,25.07,0.0
557,2023-09-19 21:00:00,0.0,24.63,0.0
558,2023-09-19 22:00:00,0.0,24.0,0.0
559,2023-09-19 23:00:00,0.0,23.68,0.0
560,2023-09-20 00:00:00,0.0,23.35,0.0
561,2023-09-20 01:00:00,0.0,23.0,0.0
562,2023-09-20 02:00:00,0.0,23.43,0.0
563,2023-09-20 03:00:00,0.0,23.23,0.0
564,2023-09-20 04:00:00,0.0,23.58,0.0
565,2023-09-20 05:00:00,0.0,24.0,0.0
566,2023-09-20 06:00:00,0.85,24.0,0.0
567,2023-09-20 07:00:00,6.7,24.52,0.1
568,2023-09-20 08:00:00,15.95,25.0,7.7
569,2023-09-20 09:00:00,31.35,25.88,19.0
570,2023-09-20 10:00:00,34.02,27.2,21.7
571,2023-09-20 11:00:00,35.37,28.0,22.0
572,2023-09-20 12:00:00,16.32,27.5,6.6
573,2023-09-20 13:00:00,27.45,28.0,16.4
574,2023-09-20 14:00:00,30.55,28.42,18.9
575,2023-09-20 15:00:00,19.48,29.0,10.4
576,2023-09-20 16:00:00,10.92,29.2,2.1
577,2023-09-20 17:00:00,6.57,29.68,0.7
578,2023-09-20 18:00:00,0.9,29.17,0.0
579,2023-09-20 19:00:00,0.0,29.0,0.0
580,2023-09-20 20:00:00,0.0,29.0,0.0
581,2023-09-20 21:00:00,0.0,28.33,0.0
582,2023-09-20 22:00:00,0.0,28.0,0.0
583,2023-09-20 23:00:00,0.0,27.57,0.0
584,2023-09-21 00:00:00,0.0,27.0,0.0
585,2023-09-21 01:00:00,0.0,26.35,0.0
586,2023-09-21 02:00:00,0.0,25.27,0.0
587,2023-09-21 03:00:00,0.0,25.0,0.0
588,2023-09-21 04:00:00,0.0,24.27,0.0
589,2023-09-21 05:00:00,0.0,24.0,0.0
590,2023-09-21 06:00:00,0.12,23.38,0.0
591,2023-09-21 07:00:00,5.23,23.0,0.0
592,2023-09-21 08:00:00,33.4,23.78,21.4
593,2023-09-21 09:00:00,30.1,25.0,18.0
594,2023-09-21 10:00:00,35.08,24.23,22.2
595,2023-09-21 11:00:00,87.07,24.72,62.2
596,2023-09-21 12:00:00,113.75,26.43,80.9
597,2023-09-21 13:00:00,104.77,26.07,76.5
598,2023-09-21 14:00:00,68.42,26.62,47.8
599,2023-09-21 15:00:00,60.1,26.42,41.7
600,2023-09-21 16:00:00,16.02,25.3,7.2
601,2023-09-21 17:00:00,8.7,25.0,3.4
602,2023-09-21 18:00:00,0.08,24.13,0.0
603,2023-09-21 19:00:00,0.0,23.2,0.0
604,2023-09-21 20:00:00,0.0,23.0,0.0
605,2023-09-21 21:00:00,0.0,23.0,0.0
606,2023-09-21 22:00:00,0.0,22.45,0.0
607,2023-09-21 23:00:00,0.0,21.53,0.0
608,2023-09-22 00:00:00,0.0,20.77,0.0
609,2023-09-22 01:00:00,0.0,20.0,0.0
610,2023-09-22 02:00:00,0.0,19.78,0.0
611,2023-09-22 03:00:00,0.0,19.0,0.0
612,2023-09-22 04:00:00,0.0,18.63,0.0
613,2023-09-22 05:00:00,0.0,18.77,0.0
614,2023-09-22 06:00:00,4.33,18.9,0.7
615,2023-09-22 07:00:00,33.03,19.28,18.3
616,2023-09-22 08:00:00,93.08,21.13,62.5
617,2023-09-22 09:00:00,182.8,23.95,134.0
618,2023-09-22 10:00:00,213.72,26.7,158.1
619,2023-09-22 11:00:00,197.67,28.63,144.8
620,2023-09-22 12:00:00,212.25,29.68,155.8
621,2023-09-22 13:00:00,187.78,30.97,132.8
622,2023-09-22 14:00:00,205.1,32.22,152.9
623,2023-09-22 15:00:00,177.42,32.93,130.6
624,2023-09-22 16:00:00,127.7,32.2,77.1
625,2023-09-22 17:00:00,40.77,29.82,20.3
626,2023-09-22 18:00:00,2.9,27.4,0.0
627,2023-09-22 19:00:00,0.0,23.55,0.0
628,2023-09-22 20:00:00,0.0,21.4,0.0
629,2023-09-22 21:00:00,0.0,20.33,0.0
630,2023-09-22 22:00:00,0.0,20.0,0.0
631,2023-09-22 23:00:00,0.0,19.93,0.0
632,2023-09-23 00:00:00,0.0,19.03,0.0
633,2023-09-23 01:00:00,0.0,19.0,0.0
634,2023-09-23 02:00:00,0.0,19.0,0.0
635,2023-09-23 03:00:00,0.0,18.38,0.0
636,2023-09-23 04:00:00,0.0,18.68,0.0
637,2023-09-23 05:00:00,0.0,18.88,0.0
638,2023-09-23 06:00:00,4.38,18.92,0.8
639,2023-09-23 07:00:00,19.18,19.0,10.6
640,2023-09-23 08:00:00,83.53,20.92,60.0
641,2023-09-23 09:00:00,133.55,23.17,100.7
642,2023-09-23 10:00:00,162.28,25.42,117.5
643,2023-09-23 11:00:00,163.47,27.63,122.4
644,2023-09-23 12:00:00,118.78,28.33,85.5
645,2023-09-23 13:00:00,126.83,28.83,91.5
646,2023-09-23 14:00:00,129.12,30.55,91.5
647,2023-09-23 15:00:00,64.2,28.92,45.0
648,2023-09-23 16:00:00,67.4,28.48,41.9
649,2023-09-23 17:00:00,10.43,26.83,3.4
650,2023-09-23 18:00:00,0.68,25.38,0.0
651,2023-09-23 19:00:00,0.0,23.77,0.0
652,2023-09-23 20:00:00,0.0,23.0,0.0
653,2023-09-23 21:00:00,0.0,22.62,0.0
654,2023-09-23 22:00:00,0.0,22.0,0.0
655,2023-09-23 23:00:00,0.0,20.9,0.0
656,2023-09-24 00:00:00,0.0,20.28,0.0
657,2023-09-24 01:00:00,0.0,19.9,0.0
658,2023-09-24 02:00:00,0.0,19.0,0.0
659,2023-09-24 03:00:00,0.0,18.03,0.0
660,2023-09-24 04:00:00,0.0,18.0,0.0
661,2023-09-24 05:00:00,0.0,18.0,0.0
662,2023-09-24 06:00:00,3.1,18.0,0.3
663,2023-09-24 07:00:00,43.48,18.92,21.5
664,2023-09-24 08:00:00,110.17,22.38,74.7
665,2023-09-24 09:00:00,158.78,26.05,117.2
666,2023-09-24 10:00:00,179.13,28.17,133.0
667,2023-09-24 11:00:00,217.13,29.55,160.1
668,2023-09-24 12:00:00,231.15,30.32,173.6
669,2023-09-24 13:00:00,226.88,32.8,161.5
670,2023-09-24 14:00:00,204.12,34.05,159.3
671,2023-09-24 15:00:00,150.08,34.9,113.6
672,2023-09-24 16:00:00,98.8,33.33,63.4
673,2023-09-24 17:00:00,27.73,30.1,15.2
674,2023-09-24 18:00:00,1.4,26.82,0.0
675,2023-09-24 19:00:00,0.0,24.4,0.0
676,2023-09-24 20:00:00,0.0,24.57,0.0
677,2023-09-24 21:00:00,0.0,23.87,0.0
678,2023-09-24 22:00:00,0.0,23.0,0.0
679,2023-09-24 23:00:00,0.0,22.42,0.0
680,2023-09-25 00:00:00,0.0,22.6,0.0
681,2023-09-25 01:00:00,0.0,22.03,0.0
682,2023-09-25 02:00:00,0.0,22.77,0.0
683,2023-09-25 03:00:00,0.0,22.68,0.0
684,2023-09-25 04:00:00,0.0,22.5,0.0
685,2023-09-25 05:00:00,0.0,23.0,0.0
686,2023-09-25 06:00:00,0.73,22.48,0.0
687,2023-09-25 07:00:00,21.42,23.07,11.5
688,2023-09-25 08:00:00,41.98,24.12,28.4
689,2023-09-25 09:00:00,67.72,25.1,48.1
690,2023-09-25 10:00:00,62.6,26.0,43.6
691,2023-09-25 11:00:00,74.63,26.55,52.8
692,2023-09-25 12:00:00,159.22,28.38,118.3
693,2023-09-25 13:00:00,124.18,30.72,89.2
694,2023-09-25 14:00:00,105.98,31.22,77.9
695,2023-09-25 15:00:00,147.07,32.53,110.0
696,2023-09-25 16:00:00,44.12,30.77,28.9
697,2023-09-25 17:00:00,12.2,28.58,5.3
698,2023-09-25 18:00:00,0.08,27.75,0.0
699,2023-09-25 19:00:00,0.0,26.68,0.0
700,2023-09-25 20:00:00,0.0,26.08,0.0
701,2023-09-25 21:00:00,0.0,26.0,0.0
702,2023-09-25 22:00:00,0.0,26.0,0.0
703,2023-09-25 23:00:00,0.0,25.73,0.0
704,2023-09-26 00:00:00,0.0,25.0,0.0
705,2023-09-26 01:00:00,0.0,25.0,0.0
706,2023-09-26 02:00:00,0.0,24.65,0.0
707,2023-09-26 03:00:00,0.0,24.83,0.0
708,2023-09-26 04:00:00,0.0,25.0,0.0
709,2023-09-26 05:00:00,0.0,25.0,0.0
710,2023-09-26 06:00:00,0.27,25.0,2.86
711,2023-09-26 07:00:00,8.85,25.8,28.08
712,2023-09-26 08:00:00,21.97,26.1,82.16
713,2023-09-26 09:00:00,56.75,27.08,118.83
714,2023-09-26 10:00:00,147.52,29.04,125.12
715,2023-09-26 11:00:00,108.68,29.55,150.01
716,2023-09-26 12:00:00,140.98,29.08,171.92
717,2023-09-26 13:00:00,64.17,29.22,163.01
718,2023-09-26 14:00:00,84.75,29.53,134.94
719,2023-09-26 15:00:00,38.95,29.0,126.68
720,2023-09-26 16:00:00,14.3,28.41,69.19
721,2023-09-26 17:00:00,2.67,27.0,38.91
722,2023-09-26 18:00:00,0.0,26.73,7.13
723,2023-09-26 19:00:00,0.0,26.0,0.0
724,2023-09-26 20:00:00,0.0,25.08,0.0
725,2023-09-26 21:00:00,0.0,25.0,0.0
726,2023-09-26 22:00:00,0.0,25.0,0.0
727,2023-09-26 23:00:00,0.0,25.0,0.0
728,2023-09-27 00:00:00,0.0,25.0,0.0
729,2023-09-27 01:00:00,0.0,25.0,0.0
730,2023-09-27 02:00:00,0.0,25.0,0.0
731,2023-09-27 03:00:00,0.0,25.0,0.0
732,2023-09-27 04:00:00,0.0,25.0,0.0
733,2023-09-27 05:00:00,0.0,23.97,0.0
734,2023-09-27 06:00:00,1.1,24.0,2.71
735,2023-09-27 07:00:00,30.95,24.9,32.67
736,2023-09-27 08:00:00,79.47,26.32,82.36
737,2023-09-27 09:00:00,32.95,27.0,126.42
738,2023-09-27 10:00:00,102.12,27.75,157.78
739,2023-09-27 11:00:00,75.02,28.33,174.98
740,2023-09-27 12:00:00,76.18,28.28,164.07
741,2023-09-27 13:00:00,89.28,28.37,132.63
742,2023-09-27 14:00:00,101.43,28.07,147.46
743,2023-09-27 15:00:00,110.55,27.85,127.25
744,2023-09-27 16:00:00,66.23,29.48,91.14
745,2023-09-27 17:00:00,17.03,28.25,32.38
746,2023-09-27 18:00:00,0.54,26.37,0.73
747,2023-09-27 19:00:00,0.0,25.38,0.0
748,2023-09-27 20:00:00,0.0,25.0,0.0
749,2023-09-27 21:00:00,0.0,24.07,0.0
750,2023-09-27 22:00:00,0.0,24.0,0.0
751,2023-10-04 13:00:00,229.14,29.83,48.0
752,2023-10-04 14:00:00,182.12,30.32,54.9
753,2023-10-04 15:00:00,137.72,29.97,35.3
754,2023-10-04 16:00:00,71.28,28.21,9.2
755,2023-10-04 17:00:00,19.28,26.05,0.1
756,2023-10-04 18:00:00,0.0,23.27,0.0
757,2023-10-04 19:00:00,0.0,21.25,0.0
758,2023-10-04 20:00:00,0.0,20.18,0.0
759,2023-10-04 21:00:00,0.0,20.0,0.0
760,2023-10-04 22:00:00,0.0,20.0,0.0
761,2023-10-04 23:00:00,0.0,20.53,0.0
762,2023-10-05 00:00:00,0.0,22.0,0.0
763,2023-10-05 01:00:00,0.0,21.88,0.0
764,2023-10-05 02:00:00,0.0,21.0,0.0
765,2023-10-05 03:00:00,0.0,20.72,0.0
766,2023-10-05 04:00:00,0.0,19.63,0.0
767,2023-10-05 05:00:00,0.0,18.54,0.0
768,2023-10-05 06:00:00,0.84,18.0,0.18
769,2023-10-05 07:00:00,21.79,18.65,13.96
770,2023-10-05 08:00:00,64.98,19.21,65.42
771,2023-10-05 09:00:00,154.71,20.64,130.45
772,2023-10-05 10:00:00,205.95,22.17,164.28
773,2023-10-05 11:00:00,231.35,23.53,181.88
774,2023-10-05 12:00:00,238.55,24.03,189.55
775,2023-10-05 13:00:00,226.13,24.83,183.64
776,2023-10-05 14:00:00,186.49,25.08,163.5
777,2023-10-05 15:00:00,135.23,24.79,132.6
778,2023-10-05 16:00:00,79.44,23.04,87.9
779,2023-10-05 17:00:00,29.47,21.46,35.3
780,2023-10-05 18:00:00,0.0,19.02,3.1
781,2023-10-05 19:00:00,0.0,17.76,0.0
782,2023-10-05 20:00:00,0.0,16.36,0.0
783,2023-10-05 21:00:00,0.0,15.05,0.0
784,2023-10-05 22:00:00,0.0,15.61,0.0
785,2023-10-05 23:00:00,0.0,16.91,0.0
