date,1h,2h,3h,4h,5h,6h,7h,8h,9h,10h,11h,12h,13h,14h,15h,16h,17h,18h,19h,20h,21h,22h,23h,24h
2020-01-01,0,0,0,0,0,0,0,19200,1728000,4540800,3868800,6652800,3350400,3446400,2534400,1660800,787200,67200,0,0,0,0,0,0
2020-01-02,0,0,0,0,0,0,0,0,288000,1718400,2476800,7190400,7862400,7507200,6470400,3369600,1305600,105600,0,0,0,0,0,0
2020-01-03,0,0,0,0,0,0,0,0,604800,2083200,4608000,6374400,6624000,7430400,6806400,3744000,1708800,115200,0,0,0,0,0,0
2020-01-04,0,0,0,0,0,0,0,0,729600,1833600,4780800,7824000,8928000,7459200,5721600,4070400,1507200,67200,0,0,0,0,0,0
2020-01-05,0,0,0,0,0,0,0,19200,1056000,2928000,6585600,8976000,8112000,6528000,5568000,2044800,758400,28800,0,0,0,0,0,0
2020-01-06,0,0,0,0,0,0,0,0,67200,614400,672000,518400,614400,787200,1104000,585600,153600,0,0,0,0,0,0,0
2020-01-07,0,0,0,0,0,0,0,0,9600,9600,355200,1286400,528000,700800,451200,374400,38400,0,0,0,0,0,0,0
2020-01-08,0,0,0,0,0,0,0,0,0,192000,480000,528000,643200,489600,691200,326400,9600,0,0,0,0,0,0,0
2020-01-09,0,0,0,0,0,0,0,0,624000,1737600,3196800,4694400,4464000,3782400,3264000,2716800,1027200,57600,0,0,0,0,0,0
2020-01-10,0,0,0,0,0,0,0,28800,1555200,4300800,7363200,8697600,8294400,9302400,7680000,5040000,2121600,192000,0,0,0,0,0,0
2020-01-11,0,0,0,0,0,0,0,0,960000,3052800,5164800,7603200,8352000,8236800,6777600,4694400,1862400,67200,0,0,0,0,0,0
2020-01-12,0,0,0,0,0,0,0,9600,422400,796800,1737600,1804800,2390400,2745600,1948800,1526400,748800,86400,0,0,0,0,0,0
2020-01-13,0,0,0,0,0,0,0,9600,489600,2841600,4406400,4953600,5788800,9302400,8294400,4291200,1334400,57600,0,0,0,0,0,0
2020-01-14,0,0,0,0,0,0,0,0,336000,902400,1478400,2467200,3667200,7113600,6604800,5059200,2025600,86400,0,0,0,0,0,0
2020-01-15,0,0,0,0,0,0,0,9600,278400,720000,1430400,4502400,9235200,7977600,4550400,2179200,1382400,163200,0,0,0,0,0,0
2020-01-16,0,0,0,0,0,0,0,0,652800,2438400,5923200,8601600,9321600,8841600,7776000,4656000,1334400,172800,0,0,0,0,0,0
2020-01-17,0,0,0,0,0,0,0,9600,988800,2169600,5145600,8448000,9148800,8092800,7900800,6028800,2832000,345600,0,0,0,0,0,0
2020-01-18,0,0,0,0,0,0,0,19200,1449600,4368000,6028800,8908800,9638400,8198400,6220800,4051200,979200,211200,0,0,0,0,0,0
2020-01-19,0,0,0,0,0,0,0,0,240000,902400,883200,710400,902400,4886400,3494400,2851200,892800,172800,0,0,0,0,0,0
2020-01-20,0,0,0,0,0,0,0,0,652800,2736000,7286400,8832000,9494400,9417600,8284800,5116800,2553600,364800,0,0,0,0,0,0
2020-01-21,0,0,0,0,0,0,0,28800,1766400,5299200,8025600,9484800,10099200,9648000,8390400,6460800,3264000,153600,0,0,0,0,0,0
2020-01-22,0,0,0,0,0,0,0,0,115200,604800,316800,393600,508800,364800,288000,153600,48000,0,0,0,0,0,0,0
2020-01-23,0,0,0,0,0,0,0,0,336000,2505600,3984000,7286400,8265600,8678400,7536000,4348800,1468800,201600,0,0,0,0,0,0
2020-01-24,0,0,0,0,0,0,0,9600,1315200,4185600,6931200,8553600,7756800,5472000,5827200,3916800,1238400,172800,0,0,0,0,0,0
2020-01-25,0,0,0,0,0,0,0,9600,460800,748800,1420800,2054400,2140800,1699200,1516800,1027200,489600,144000,0,0,0,0,0,0
2020-01-26,0,0,0,0,0,0,0,9600,422400,1872000,3763200,4204800,4953600,3964800,2198400,1660800,691200,76800,0,0,0,0,0,0
2020-01-27,0,0,0,0,0,0,0,0,57600,278400,432000,489600,777600,1305600,1113600,931200,1142400,172800,0,0,0,0,0,0
2020-01-28,0,0,0,0,0,0,0,0,105600,758400,1516800,2342400,3513600,4656000,4281600,4396800,2601600,566400,0,0,0,0,0,0
2020-01-29,0,0,0,0,0,0,0,0,230400,720000,883200,1689600,3388800,6201600,3024000,1401600,460800,230400,0,0,0,0,0,0
2020-01-30,0,0,0,0,0,0,0,0,700800,3206400,2851200,4598400,5136000,7046400,7593600,3782400,1200000,220800,0,0,0,0,0,0
2020-01-31,0,0,0,0,0,0,0,19200,1075200,4118400,3513600,3379200,7766400,5462400,4473600,1401600,720000,182400,0,0,0,0,0,0
2020-02-01,0,0,0,0,0,0,0,57600,1094400,1843200,4406400,7257600,7968000,7948800,6873600,4809600,2313600,374400,0,0,0,0,0,0
2020-02-02,0,0,0,0,0,0,0,76800,883200,3369600,5616000,8006400,8016000,6393600,6672000,5904000,3667200,720000,0,0,0,0,0,0
2020-02-03,0,0,0,0,0,0,0,0,115200,1516800,1353600,5904000,6691200,8678400,6844800,5136000,2476800,835200,0,0,0,0,0,0
2020-02-04,0,0,0,0,0,0,0,96000,2083200,4204800,8208000,9676800,10387200,10041600,8880000,6777600,3859200,787200,0,0,0,0,0,0
2020-02-05,0,0,0,0,0,0,0,86400,2390400,5932800,7776000,9878400,10713600,10780800,9408000,6585600,4329600,585600,0,0,0,0,0,0
2020-02-06,0,0,0,0,0,0,0,96000,2044800,4368000,6278400,6662400,7593600,6595200,4915200,2774400,1401600,316800,0,0,0,0,0,0
2020-02-07,0,0,0,0,0,0,0,28800,1651200,4598400,6950400,8448000,7219200,7497600,7324800,4185600,2659200,614400,0,0,0,0,0,0
2020-02-08,0,0,0,0,0,0,0,0,249600,1497600,1555200,2457600,3964800,8352000,5712000,6086400,4310400,969600,0,0,0,0,0,0
2020-02-09,0,0,0,0,0,0,0,48000,940800,2371200,6595200,6969600,6316800,9216000,8534400,5136000,3436800,940800,0,0,0,0,0,0
2020-02-10,0,0,0,0,0,0,0,38400,470400,1075200,3168000,6307200,7766400,8707200,7824000,5683200,3100800,729600,0,0,0,0,0,0
2020-02-11,0,0,0,0,0,0,0,76800,1036800,2073600,4560000,5020800,5712000,4742400,4070400,1862400,422400,19200,0,0,0,0,0,0
2020-02-12,0,0,0,0,0,0,0,0,0,67200,316800,864000,480000,316800,768000,528000,988800,211200,0,0,0,0,0,0
2020-02-13,0,0,0,0,0,0,0,0,211200,489600,643200,1046400,1219200,1305600,1641600,1555200,816000,230400,0,0,0,0,0,0
2020-02-14,0,0,0,0,0,0,0,105600,1382400,5299200,7804800,9292800,10070400,9849600,8611200,6182400,3417600,1017600,9600,0,0,0,0,0
2020-02-15,0,0,0,0,0,0,0,19200,1190400,4656000,4905600,5328000,3945600,1296000,816000,844800,336000,48000,0,0,0,0,0,0
2020-02-16,0,0,0,0,0,0,0,0,48000,547200,1017600,3446400,6441600,5260800,6153600,4300800,1718400,710400,9600,0,0,0,0,0
2020-02-17,0,0,0,0,0,0,0,0,19200,211200,403200,988800,1862400,2208000,2860800,1084800,998400,38400,0,0,0,0,0,0
2020-02-18,0,0,0,0,0,0,0,9600,921600,3331200,7824000,9561600,11347200,11088000,10060800,8121600,5184000,1689600,19200,0,0,0,0,0
2020-02-19,0,0,0,0,0,0,0,163200,1497600,4281600,6806400,7593600,10041600,9619200,8256000,6931200,3350400,825600,0,0,0,0,0,0
2020-02-20,0,0,0,0,0,0,0,307200,2899200,5961600,8390400,9801600,10185600,10041600,9244800,7353600,4579200,1401600,28800,0,0,0,0,0
2020-02-21,0,0,0,0,0,0,0,297600,2304000,4675200,7065600,8246400,9897600,9427200,7728000,4089600,1987200,441600,0,0,0,0,0,0
2020-02-22,0,0,0,0,0,0,0,230400,1968000,4704000,7228800,8736000,9177600,8937600,7900800,5865600,3081600,1094400,38400,0,0,0,0,0
2020-02-23,0,0,0,0,0,0,0,393600,3331200,6355200,8966400,10262400,10819200,10742400,9955200,8179200,5395200,1872000,38400,0,0,0,0,0
2020-02-24,0,0,0,0,0,0,0,422400,3216000,6182400,8217600,9552000,8697600,6988800,4224000,3283200,1488000,518400,0,0,0,0,0,0
2020-02-25,0,0,0,0,0,0,0,0,0,0,0,134400,729600,537600,307200,115200,0,0,0,0,0,0,0,0
2020-02-26,0,0,0,0,0,0,0,19200,547200,902400,4982400,9446400,7497600,6048000,8764800,6902400,4540800,1584000,48000,0,0,0,0,0
2020-02-27,0,0,0,0,0,0,0,278400,2208000,5107200,8121600,9571200,9484800,9264000,8294400,7228800,4396800,1488000,57600,0,0,0,0,0
2020-02-28,0,0,0,0,0,0,0,0,412800,787200,662400,710400,1276800,2217600,1776000,710400,307200,115200,0,0,0,0,0,0
2020-02-29,0,0,0,0,0,0,0,144000,748800,1228800,1526400,1632000,1526400,2083200,3187200,1968000,1238400,604800,38400,0,0,0,0,0
2020-03-01,0,0,0,0,0,0,0,57600,508800,1027200,1670400,2515200,3129600,2716800,2467200,1939200,633600,134400,0,0,0,0,0,0
2020-03-02,0,0,0,0,0,0,0,230400,1603200,4704000,9331200,10809600,11510400,11241600,10233600,7795200,5145600,1977600,67200,0,0,0,0,0
2020-03-03,0,0,0,0,0,0,0,240000,1612800,5078400,4627200,6441600,3225600,1641600,1766400,3148800,1056000,1008000,38400,0,0,0,0,0
2020-03-04,0,0,0,0,0,0,0,297600,2976000,6672000,6921600,8323200,7776000,9964800,9868800,6720000,4483200,1536000,67200,0,0,0,0,0
2020-03-05,0,0,0,0,0,0,0,412800,1747200,5462400,9196800,10262400,11596800,11539200,10598400,8716800,5865600,2352000,105600,0,0,0,0,0
2020-03-06,0,0,0,0,0,0,0,1036800,4368000,7324800,9465600,10579200,10982400,10944000,10080000,8400000,5625600,2256000,105600,0,0,0,0,0
2020-03-07,0,0,0,0,0,0,0,28800,556800,1113600,1795200,1622400,1737600,2016000,1296000,1142400,1411200,1430400,115200,0,0,0,0,0
2020-03-08,0,0,0,0,0,0,0,192000,1804800,5116800,8995200,10128000,10617600,10272000,9369600,7641600,5116800,1872000,115200,0,0,0,0,0
2020-03-09,0,0,0,0,0,0,0,278400,844800,1411200,3129600,3465600,3388800,2025600,1161600,787200,316800,96000,0,0,0,0,0,0
2020-03-10,0,0,0,0,0,0,0,9600,153600,576000,2544000,2496000,1747200,1382400,604800,691200,201600,297600,144000,0,0,0,0,0
2020-03-11,0,0,0,0,0,0,0,969600,4224000,7516800,9849600,11376000,11952000,11596800,10310400,8726400,5894400,2457600,163200,0,0,0,0,0
2020-03-12,0,0,0,0,0,0,0,1209600,4224000,7113600,9273600,10540800,10953600,10723200,9859200,8064000,5299200,2025600,144000,0,0,0,0,0
2020-03-13,0,0,0,0,0,0,0,288000,1036800,4531200,7737600,9792000,9955200,10291200,8419200,7756800,3427200,1641600,105600,0,0,0,0,0
2020-03-14,0,0,0,0,0,0,0,1161600,3110400,6614400,9580800,11376000,11875200,11548800,10416000,8342400,5529600,2265600,172800,0,0,0,0,0
2020-03-15,0,0,0,0,0,0,9600,1065600,4118400,7046400,9062400,10502400,11520000,11193600,10012800,7276800,5424000,1958400,182400,0,0,0,0,0
2020-03-16,0,0,0,0,0,0,9600,1209600,4473600,7574400,9638400,10896000,11222400,10886400,9648000,7468800,4012800,1660800,144000,0,0,0,0,0
2020-03-17,0,0,0,0,0,0,9600,1209600,3830400,6720000,8889600,10128000,10838400,10492800,9600000,7843200,5222400,2121600,182400,0,0,0,0,0
2020-03-18,0,0,0,0,0,0,0,374400,1440000,5587200,9072000,10281600,10713600,10425600,9619200,7987200,4608000,1804800,182400,0,0,0,0,0
2020-03-19,0,0,0,0,0,0,9600,1075200,1382400,729600,5750400,10156800,11644800,11616000,10684800,8822400,5952000,2486400,230400,0,0,0,0,0
2020-03-20,0,0,0,0,0,0,19200,1459200,4521600,7334400,9225600,10396800,10819200,10704000,9734400,8016000,5356800,2217600,240000,0,0,0,0,0
2020-03-21,0,0,0,0,0,0,9600,1046400,3571200,6201600,8227200,9561600,10012800,9705600,8745600,6787200,4416000,1862400,230400,0,0,0,0,0
2020-03-22,0,0,0,0,0,0,0,288000,1948800,5577600,8006400,10243200,11030400,11184000,10320000,8601600,6009600,2688000,278400,0,0,0,0,0
2020-03-23,0,0,0,0,0,0,28800,1478400,4598400,7411200,9475200,10761600,11212800,10924800,9897600,8112000,5462400,2361600,259200,0,0,0,0,0
2020-03-24,0,0,0,0,0,0,48000,1392000,4243200,7152000,9120000,10089600,10684800,10444800,9696000,7948800,5337600,2352000,278400,0,0,0,0,0
2020-03-25,0,0,0,0,0,0,57600,1497600,4435200,7286400,9369600,10540800,11040000,10732800,9734400,8054400,5510400,1372800,153600,0,0,0,0,0
2020-03-26,0,0,0,0,0,0,0,9600,76800,835200,787200,1699200,1382400,1344000,1593600,1574400,825600,288000,9600,0,0,0,0,0
2020-03-27,0,0,0,0,0,0,0,28800,518400,1564800,2044800,3216000,5078400,8275200,9484800,7459200,5644800,2505600,307200,0,0,0,0,0
2020-03-28,0,0,0,0,0,0,19200,566400,1401600,2265600,2908800,3331200,3792000,4665600,4320000,3801600,2256000,1209600,192000,0,0,0,0,0
2020-03-29,0,0,0,0,0,0,115200,1334400,4185600,7545600,9408000,10464000,10003200,9984000,6249600,4128000,1574400,518400,28800,0,0,0,0,0
2020-03-30,0,0,0,0,0,0,144000,1660800,4636800,7008000,7344000,7680000,9724800,9686400,9772800,8073600,5280000,2169600,508800,0,0,0,0,0
2020-03-31,0,0,0,0,0,0,115200,1728000,4550400,7190400,8995200,9724800,9763200,10108800,9744000,7622400,4828800,1929600,288000,0,0,0,0,0
2020-04-01,0,0,0,0,0,0,19200,518400,1497600,3340800,7977600,9628800,10166400,10176000,9120000,7392000,5260800,2409600,374400,0,0,0,0,0
2020-04-02,0,0,0,0,0,0,124800,1536000,4339200,6748800,7113600,8572800,9715200,10099200,8928000,6355200,3004800,1795200,288000,0,0,0,0,0
2020-04-03,0,0,0,0,0,0,144000,1776000,4684800,7430400,9408000,10579200,11011200,10790400,9820800,8006400,5376000,2275200,374400,0,0,0,0,0
2020-04-04,0,0,0,0,0,0,163200,1872000,4675200,7132800,9398400,10704000,11068800,11001600,10080000,8457600,6048000,2851200,384000,0,0,0,0,0
2020-04-05,0,0,0,0,0,0,153600,2092800,5395200,8256000,10281600,11462400,11894400,11654400,10579200,8707200,6028800,2640000,403200,0,0,0,0,0
2020-04-06,0,0,0,0,0,0,249600,2246400,5174400,7766400,9619200,10656000,11308800,10387200,8736000,5203200,3283200,1555200,268800,0,0,0,0,0
2020-04-07,0,0,0,0,0,0,211200,1852800,4492800,7190400,9196800,10387200,10953600,10713600,9446400,7430400,4828800,2179200,355200,0,0,0,0,0
2020-04-08,0,0,0,0,0,0,211200,1718400,4041600,6480000,8822400,10406400,10780800,10262400,9177600,7344000,4905600,2188800,374400,0,0,0,0,0
2020-04-09,0,0,0,0,0,0,172800,1641600,4281600,7008000,9081600,10444800,10867200,10531200,9427200,7276800,4848000,2169600,297600,0,0,0,0,0
2020-04-10,0,0,0,0,0,0,115200,1728000,4924800,7334400,7881600,5875200,8342400,9360000,8044800,7603200,5097600,2409600,374400,0,0,0,0,0
2020-04-11,0,0,0,0,0,0,19200,240000,700800,1027200,1862400,1766400,2160000,2227200,1862400,1680000,864000,441600,48000,0,0,0,0,0
2020-04-12,0,0,0,0,0,0,124800,2438400,4214400,4012800,3484800,8064000,11145600,11088000,10041600,3974400,422400,1017600,240000,0,0,0,0,0
2020-04-13,0,0,0,0,0,0,268800,2380800,5769600,8188800,10416000,10780800,8534400,11299200,10723200,8553600,5184000,2582400,489600,0,0,0,0,0
2020-04-14,0,0,0,0,0,0,326400,2361600,5136000,8064000,10118400,11088000,11241600,10704000,9964800,8188800,5712000,2668800,480000,0,0,0,0,0
2020-04-15,0,0,0,0,0,0,230400,1545600,2697600,5788800,7401600,7891200,7766400,7219200,6268800,6470400,5520000,1939200,710400,0,0,0,0,0
2020-04-16,0,0,0,0,0,0,364800,2400000,5347200,7900800,9772800,10732800,11251200,10848000,9868800,8112000,5433600,2390400,297600,0,0,0,0,0
2020-04-17,0,0,0,0,0,0,0,153600,249600,393600,499200,1977600,9820800,6249600,6153600,4492800,4809600,1574400,499200,0,0,0,0,0
2020-04-18,0,0,0,0,0,0,182400,1046400,2745600,2160000,4560000,6816000,6931200,5884800,7296000,7468800,5731200,2544000,460800,0,0,0,0,0
2020-04-19,0,0,0,0,0,0,38400,105600,441600,864000,892800,777600,787200,806400,902400,384000,374400,441600,9600,0,0,0,0,0
2020-04-20,0,0,0,0,0,0,336000,921600,4272000,6566400,8025600,8736000,10675200,10070400,8707200,2582400,614400,86400,0,0,0,0,0,0
2020-04-21,0,0,0,0,0,0,278400,2188800,4742400,8409600,10348800,11520000,12028800,11616000,10588800,8688000,5827200,2937600,518400,0,0,0,0,0
2020-04-22,0,0,0,0,0,0,499200,2457600,5587200,8323200,10348800,11529600,11875200,11529600,10540800,7900800,3830400,2380800,672000,0,0,0,0,0
2020-04-23,0,0,0,0,0,0,259200,1545600,4252800,5587200,8860800,11385600,11798400,11424000,10339200,8476800,5952000,2889600,518400,9600,0,0,0,0
2020-04-24,0,0,0,0,0,0,451200,2668800,5760000,8304000,10012800,11097600,11452800,11059200,10147200,8428800,5865600,2870400,566400,0,0,0,0,0
2020-04-25,0,0,0,0,0,0,480000,2371200,5068800,7440000,9244800,10435200,10944000,10656000,9619200,7747200,5193600,2496000,624000,0,0,0,0,0
2020-04-26,0,0,0,0,0,0,576000,2620800,5356800,8044800,9897600,11088000,11548800,11299200,10128000,8256000,5721600,2476800,604800,0,0,0,0,0
2020-04-27,0,0,0,0,0,0,508800,2601600,5500800,8208000,9984000,10963200,10886400,10483200,9878400,8313600,5712000,2784000,614400,9600,0,0,0,0
2020-04-28,0,0,0,0,0,0,345600,2092800,5395200,7785600,9657600,10675200,11059200,10752000,9705600,7996800,5568000,2764800,595200,9600,0,0,0,0
2020-04-29,0,0,0,0,0,0,537600,2726400,5520000,7776000,9369600,10454400,10742400,10454400,9561600,7996800,5664000,2851200,585600,0,0,0,0,0
2020-04-30,0,0,0,0,0,0,556800,2745600,5472000,7190400,9561600,9052800,8208000,6470400,6393600,6316800,2956800,1430400,268800,0,0,0,0,0
2020-05-01,0,0,0,0,0,0,115200,739200,1910400,5049600,7670400,8534400,6009600,4617600,6672000,6566400,2121600,1276800,451200,0,0,0,0,0
2020-05-02,0,0,0,0,0,0,355200,1910400,3984000,3561600,3244800,2035200,2313600,2342400,1459200,1440000,2649600,931200,153600,0,0,0,0,0
2020-05-03,0,0,0,0,0,0,0,0,345600,3648000,2832000,2505600,1920000,4560000,6470400,998400,595200,211200,153600,0,0,0,0,0
2020-05-04,0,0,0,0,0,0,489600,1766400,2438400,5510400,9254400,9955200,10387200,9772800,8985600,7766400,5433600,2620800,624000,19200,0,0,0,0
2020-05-05,0,0,0,0,0,0,489600,2179200,3331200,3475200,6547200,6643200,4838400,5116800,3888000,4108800,3532800,1718400,432000,9600,0,0,0,0
2020-05-06,0,0,0,0,0,0,614400,2304000,5424000,7852800,9513600,10444800,10800000,10608000,9552000,7785600,5462400,2745600,672000,28800,0,0,0,0
2020-05-07,0,0,0,0,0,0,748800,2793600,5913600,8284800,10051200,10924800,11260800,10838400,9724800,7977600,5913600,2793600,796800,9600,0,0,0,0
2020-05-08,0,0,0,0,0,9600,556800,3072000,4934400,7891200,9456000,9168000,10809600,8256000,6892800,4982400,2928000,643200,19200,0,0,0,0,0
2020-05-09,0,0,0,0,0,0,9600,192000,451200,432000,681600,960000,1440000,3024000,7036800,5328000,2976000,1449600,259200,0,0,0,0,0
2020-05-10,0,0,0,0,0,0,38400,326400,1171200,1286400,2467200,2054400,2822400,2121600,3993600,5366400,2572800,2131200,739200,28800,0,0,0,0
2020-05-11,0,0,0,0,0,0,422400,2121600,4992000,7939200,9686400,10752000,10972800,10502400,9590400,7862400,5539200,2601600,806400,0,0,0,0,0
2020-05-12,0,0,0,0,0,9600,710400,2928000,5606400,7958400,9475200,10185600,10339200,9571200,8217600,6585600,4934400,2668800,768000,28800,0,0,0,0
2020-05-13,0,0,0,0,0,28800,739200,3052800,5875200,8140800,9705600,10828800,11203200,10924800,9955200,8160000,5712000,2908800,748800,28800,0,0,0,0
2020-05-14,0,0,0,0,0,19200,892800,2169600,4243200,6873600,6729600,7651200,6297600,7526400,7766400,6537600,3820800,1804800,614400,19200,0,0,0,0
2020-05-15,0,0,0,0,0,0,9600,192000,163200,268800,326400,470400,288000,249600,480000,604800,403200,422400,48000,0,0,0,0,0
2020-05-16,0,0,0,0,0,0,19200,768000,1987200,2812800,2956800,3571200,2832000,4089600,4444800,4502400,2352000,3052800,681600,38400,0,0,0,0
2020-05-17,0,0,0,0,0,0,163200,633600,1411200,2361600,7516800,9696000,10156800,9859200,9062400,7142400,5059200,2918400,796800,28800,0,0,0,0
2020-05-18,0,0,0,0,0,0,57600,816000,2428800,2736000,3043200,6000000,8630400,8544000,2793600,1363200,1516800,691200,0,0,0,0,0,0
2020-05-19,0,0,0,0,0,28800,518400,1123200,2198400,1286400,1766400,4473600,8899200,6758400,4147200,1286400,2428800,2169600,537600,57600,0,0,0,0
2020-05-20,0,0,0,0,0,28800,825600,3187200,5155200,4665600,6883200,10636800,11088000,11049600,9926400,7584000,5328000,3456000,787200,48000,0,0,0,0
2020-05-21,0,0,0,0,0,105600,969600,2697600,5932800,7968000,9475200,10310400,10464000,9936000,9302400,7488000,5443200,2688000,796800,67200,0,0,0,0
2020-05-22,0,0,0,0,0,48000,931200,2716800,5328000,6787200,8534400,10032000,10588800,10425600,9465600,7900800,5616000,2947200,787200,48000,0,0,0,0
2020-05-23,0,0,0,0,0,38400,364800,1459200,2841600,2956800,2860800,3945600,4800000,6979200,5798400,4992000,4483200,2736000,864000,9600,0,0,0,0
2020-05-24,0,0,0,0,0,76800,748800,2064000,4540800,3321600,3916800,4281600,2160000,2659200,1804800,2227200,758400,931200,307200,0,0,0,0,0
2020-05-25,0,0,0,0,0,9600,499200,1852800,2966400,3696000,5001600,5433600,5203200,6019200,5980800,5395200,4857600,3052800,1008000,19200,0,0,0,0
2020-05-26,0,0,0,0,0,9600,192000,1132800,1276800,2371200,2131200,5308800,9494400,10137600,9542400,7843200,4780800,2937600,950400,67200,0,0,0,0
2020-05-27,0,0,0,0,0,0,979200,2380800,4416000,7699200,9033600,10012800,10022400,10339200,9292800,8313600,6048000,2937600,883200,38400,0,0,0,0
2020-05-28,0,0,0,0,0,28800,758400,2390400,5030400,7171200,9206400,10224000,10752000,10579200,9590400,7900800,5596800,2908800,700800,48000,0,0,0,0
2020-05-29,0,0,0,0,0,67200,854400,2832000,5500800,7276800,7776000,8457600,9312000,8620800,8208000,5750400,4512000,2409600,691200,38400,0,0,0,0
2020-05-30,0,0,0,0,0,19200,614400,1728000,2803200,3696000,4521600,4867200,5328000,4579200,4185600,5212800,2448000,1305600,374400,0,0,0,0,0
2020-05-31,0,0,0,0,0,0,316800,1680000,2736000,3379200,3849600,5347200,4569600,5616000,4464000,2524800,2361600,1497600,393600,0,0,0,0,0
2020-06-01,0,0,0,0,0,9600,326400,1200000,1603200,2044800,2870400,8976000,11116800,10761600,9792000,8208000,5942400,3283200,931200,86400,0,0,0,0
2020-06-02,0,0,0,0,0,0,412800,1987200,5433600,7968000,8860800,5664000,10233600,9004800,7804800,7008000,4876800,2784000,902400,86400,0,0,0,0
2020-06-03,0,0,0,0,0,0,96000,566400,1267200,2371200,1766400,4022400,4118400,4800000,3801600,3926400,3014400,1814400,470400,0,0,0,0,0
2020-06-04,0,0,0,0,0,38400,604800,1708800,3168000,5664000,8601600,9542400,10041600,9254400,8764800,7190400,5356800,3110400,1113600,124800,0,0,0,0
2020-06-05,0,0,0,0,0,0,547200,1468800,2448000,4713600,6873600,7584000,8476800,7862400,7536000,7094400,4022400,2092800,729600,38400,0,0,0,0
2020-06-06,0,0,0,0,0,19200,604800,2121600,3350400,5001600,8006400,8937600,9062400,8707200,7516800,5952000,4656000,2592000,835200,9600,0,0,0,0
2020-06-07,0,0,0,0,0,38400,883200,2544000,5040000,7065600,8563200,9340800,9561600,9427200,8476800,7123200,5184000,2822400,998400,115200,0,0,0,0
2020-06-08,0,0,0,0,0,48000,844800,2889600,5366400,7488000,8880000,9676800,9993600,9676800,8870400,7420800,5395200,2985600,912000,96000,0,0,0,0
2020-06-09,0,0,0,0,0,48000,777600,2745600,5251200,7344000,8832000,9859200,10195200,10080000,7766400,7036800,6086400,3033600,643200,86400,0,0,0,0
2020-06-10,0,0,0,0,0,28800,700800,2736000,5222400,7488000,9100800,8870400,6873600,3571200,3225600,979200,777600,806400,489600,9600,0,0,0,0
2020-06-11,0,0,0,0,0,0,96000,326400,1564800,2707200,3369600,5961600,6470400,5414400,6230400,5654400,5587200,3081600,1065600,105600,0,0,0,0
2020-06-12,0,0,0,0,0,0,480000,912000,1075200,1545600,2572800,4742400,7200000,5808000,7689600,4819200,3504000,1113600,201600,0,0,0,0,0
2020-06-13,0,0,0,0,0,0,57600,403200,777600,1564800,1315200,2160000,2092800,2880000,2217600,1171200,441600,537600,9600,0,0,0,0,0
2020-06-14,0,0,0,0,0,0,9600,9600,124800,1555200,3427200,2937600,2016000,2889600,2822400,4771200,5155200,2332800,960000,96000,0,0,0,0
2020-06-15,0,0,0,0,0,67200,806400,2438400,5011200,7776000,7267200,10214400,10656000,10464000,9686400,8217600,5606400,3331200,1046400,96000,0,0,0,0
2020-06-16,0,0,0,0,0,172800,1084800,2323200,3811200,6134400,8304000,9091200,9888000,9264000,8236800,7948800,5702400,3004800,1104000,124800,0,0,0,0
2020-06-17,0,0,0,0,0,0,556800,2409600,3705600,4848000,4425600,3148800,3859200,5145600,3753600,2793600,1977600,614400,211200,9600,0,0,0,0
2020-06-18,0,0,0,0,0,0,9600,249600,556800,1459200,633600,844800,1468800,1536000,1507200,988800,556800,643200,345600,0,0,0,0,0
2020-06-19,0,0,0,0,0,0,240000,1123200,3878400,5097600,8649600,9072000,8928000,7564800,7996800,7468800,4944000,2841600,1017600,115200,0,0,0,0
2020-06-20,0,0,0,0,0,19200,547200,1910400,4982400,7161600,8524800,9283200,9072000,8400000,5750400,2976000,4780800,2208000,969600,182400,0,0,0,0
2020-06-21,0,0,0,0,0,38400,739200,2572800,5020800,7209600,8332800,6480000,9984000,8054400,8659200,7468800,3648000,1785600,1056000,153600,0,0,0,0
2020-06-22,0,0,0,0,0,38400,739200,2236800,3552000,4752000,7987200,9427200,9840000,9648000,8956800,7680000,5779200,2707200,1008000,115200,0,0,0,0
2020-06-23,0,0,0,0,0,28800,864000,3100800,5606400,6854400,8812800,9398400,10300800,9110400,8620800,6316800,2822400,1392000,748800,57600,0,0,0,0
2020-06-24,0,0,0,0,0,0,96000,326400,480000,2592000,508800,835200,1248000,1401600,691200,480000,883200,1036800,355200,0,0,0,0,0
2020-06-25,0,0,0,0,0,0,67200,902400,1392000,2198400,2688000,3926400,4128000,5500800,3849600,3225600,2668800,816000,403200,28800,0,0,0,0
2020-06-26,0,0,0,0,0,9600,451200,1891200,5174400,5126400,8812800,9993600,10262400,10118400,9216000,7728000,5731200,3148800,1075200,182400,0,0,0,0
2020-06-27,0,0,0,0,0,28800,672000,2227200,3648000,5961600,5702400,5145600,6883200,5308800,6950400,5078400,4416000,2630400,1411200,144000,0,0,0,0
2020-06-28,0,0,0,0,0,67200,844800,2313600,4118400,5702400,4838400,7488000,8889600,9571200,7267200,8419200,5808000,3283200,1094400,144000,0,0,0,0
2020-06-29,0,0,0,0,0,0,288000,921600,1324800,1238400,864000,1123200,1824000,1401600,1641600,2764800,1286400,441600,163200,0,0,0,0,0
2020-06-30,0,0,0,0,0,0,393600,480000,998400,2534400,3408000,2976000,5126400,4924800,3897600,3043200,3734400,1958400,662400,48000,0,0,0,0
2020-07-01,0,0,0,0,0,9600,480000,2419200,5539200,7555200,8083200,9955200,10320000,10060800,9225600,7718400,5596800,3062400,1171200,134400,0,0,0,0
2020-07-02,0,0,0,0,0,86400,700800,1420800,2419200,2956800,4761600,7276800,6412800,6624000,7968000,7113600,3782400,2304000,681600,105600,0,0,0,0
2020-07-03,0,0,0,0,0,0,48000,364800,1161600,1238400,2812800,3436800,1699200,1718400,1276800,864000,432000,0,57600,86400,0,0,0,0
2020-07-04,0,0,0,0,0,0,124800,748800,1209600,1459200,1977600,2774400,2112000,3110400,2784000,2150400,758400,230400,412800,288000,0,0,0,0
2020-07-05,0,0,0,0,0,19200,739200,1334400,988800,2515200,2275200,6489600,4761600,3638400,6748800,4348800,4550400,2812800,1440000,211200,0,0,0,0
2020-07-06,0,0,0,0,0,0,182400,979200,2697600,1699200,1008000,1670400,1420800,1123200,1132800,2707200,1545600,2112000,777600,67200,0,0,0,0
2020-07-07,0,0,0,0,0,0,144000,1785600,4089600,6163200,7363200,8860800,9542400,8985600,8860800,7324800,5404800,3072000,1142400,163200,0,0,0,0
2020-07-08,0,0,0,0,0,9600,528000,2419200,5155200,5731200,6681600,7977600,7075200,9993600,9081600,5059200,3302400,2812800,806400,76800,0,0,0,0
2020-07-09,0,0,0,0,0,9600,336000,1363200,2764800,3897600,3283200,3840000,6000000,5884800,5222400,3254400,1862400,883200,259200,9600,0,0,0,0
2020-07-10,0,0,0,0,0,0,144000,288000,758400,1958400,2486400,2572800,4339200,2131200,3196800,2707200,2486400,1977600,1084800,115200,0,0,0,0
2020-07-11,0,0,0,0,0,0,201600,1219200,2064000,3552000,4195200,6940800,5424000,5491200,5616000,5769600,3100800,1900800,547200,124800,0,0,0,0
2020-07-12,0,0,0,0,0,0,211200,499200,835200,844800,720000,1843200,1344000,892800,432000,528000,451200,76800,86400,0,0,0,0,0
2020-07-13,0,0,0,0,0,0,0,9600,76800,268800,508800,825600,1852800,2505600,2352000,1910400,1219200,720000,336000,28800,0,0,0,0
2020-07-14,0,0,0,0,0,0,576000,1315200,2534400,3196800,2918400,3456000,5664000,3840000,2400000,2198400,1036800,499200,172800,0,0,0,0,0
2020-07-15,0,0,0,0,0,0,240000,1104000,2246400,2812800,4819200,5289600,5097600,4905600,3705600,2899200,2995200,2774400,1555200,182400,0,0,0,0
2020-07-16,0,0,0,0,0,0,566400,1603200,3590400,3734400,5654400,3667200,1843200,2534400,4905600,6038400,4512000,3628800,1094400,115200,0,0,0,0
2020-07-17,0,0,0,0,0,9600,576000,2188800,4224000,4060800,5443200,3878400,3292800,6508800,8870400,7612800,5539200,2707200,979200,134400,0,0,0,0
2020-07-18,0,0,0,0,0,0,240000,1190400,1776000,1852800,4080000,3724800,2716800,2716800,4070400,4473600,3004800,1411200,672000,28800,0,0,0,0
2020-07-19,0,0,0,0,0,0,0,518400,1401600,902400,1305600,2880000,2428800,1478400,1094400,883200,547200,230400,0,0,0,0,0,0
2020-07-20,0,0,0,0,0,0,0,576000,1641600,2707200,5145600,4742400,5164800,4156800,2256000,1900800,1555200,1612800,595200,38400,0,0,0,0
2020-07-21,0,0,0,0,0,48000,67200,643200,1670400,4137600,3686400,4233600,3283200,5049600,5788800,3494400,1996800,537600,172800,0,0,0,0,0
2020-07-22,0,0,0,0,0,0,9600,403200,912000,1084800,1113600,1372800,2928000,2563200,2620800,1977600,1756800,979200,336000,19200,0,0,0,0
2020-07-23,0,0,0,0,0,0,0,67200,105600,355200,988800,691200,1276800,652800,748800,422400,412800,153600,9600,105600,0,0,0,0
2020-07-24,0,0,0,0,0,0,0,76800,681600,1065600,998400,835200,796800,748800,1200000,2217600,2265600,825600,28800,0,0,0,0,0
2020-07-25,0,0,0,0,0,0,163200,336000,1276800,1603200,4464000,7056000,6268800,4387200,6556800,7545600,5952000,3408000,921600,67200,0,0,0,0
2020-07-26,0,0,0,0,0,0,422400,2428800,3676800,5673600,7795200,9158400,6595200,6048000,7171200,7699200,3801600,1881600,748800,86400,0,0,0,0
2020-07-27,0,0,0,0,0,0,288000,1612800,1862400,2908800,3340800,3907200,3331200,2304000,912000,595200,595200,364800,192000,0,0,0,0,0
2020-07-28,0,0,0,0,0,0,201600,931200,2380800,3465600,2947200,3436800,4396800,1996800,2188800,3542400,2707200,672000,182400,0,0,0,0,0
2020-07-29,0,0,0,0,0,0,48000,1046400,1814400,3724800,3302400,2313600,3830400,2697600,6336000,6240000,3820800,2112000,614400,38400,0,0,0,0
2020-07-30,0,0,0,0,0,0,220800,1228800,2208000,2764800,6432000,8217600,10108800,9331200,4003200,3984000,4032000,2131200,643200,96000,0,0,0,0
2020-07-31,0,0,0,0,0,0,163200,892800,2246400,4377600,7977600,8908800,7891200,5212800,6720000,6604800,4454400,1872000,835200,67200,0,0,0,0
2020-08-01,0,0,0,0,0,0,307200,1449600,3225600,6681600,7929600,6489600,7123200,3561600,2380800,1670400,2601600,1929600,720000,28800,0,0,0,0
2020-08-02,0,0,0,0,0,0,480000,2054400,3820800,6547200,4387200,4406400,6816000,8659200,5212800,5923200,3369600,2198400,854400,19200,0,0,0,0
2020-08-03,0,0,0,0,0,0,240000,921600,1747200,3225600,4368000,4742400,4780800,6931200,5049600,4243200,2640000,2284800,604800,48000,0,0,0,0
2020-08-04,0,0,0,0,0,0,422400,1670400,4224000,4502400,6710400,7420800,7161600,6249600,6796800,4185600,4243200,1545600,681600,38400,0,0,0,0
2020-08-05,0,0,0,0,0,0,336000,1065600,2361600,4560000,3696000,5088000,8812800,7075200,5241600,8025600,6172800,1276800,556800,57600,0,0,0,0
2020-08-06,0,0,0,0,0,0,38400,19200,144000,393600,643200,1017600,1660800,1708800,2601600,4089600,1152000,278400,9600,0,0,0,0,0
2020-08-07,0,0,0,0,0,0,0,57600,412800,451200,806400,854400,0,9600,105600,96000,28800,28800,0,0,0,0,0,0
2020-08-08,0,0,0,0,0,0,0,364800,67200,220800,710400,979200,1872000,3196800,2918400,2409600,748800,528000,652800,9600,0,0,0,0
2020-08-09,0,0,0,0,0,0,96000,902400,4185600,7872000,6940800,10185600,8937600,9628800,8611200,6153600,5587200,2937600,566400,19200,0,0,0,0
2020-08-10,0,0,0,0,0,0,268800,1872000,3696000,4310400,5222400,4569600,2160000,1680000,940800,2995200,2198400,835200,470400,0,0,0,0,0
2020-08-11,0,0,0,0,0,0,182400,902400,1228800,3081600,4108800,3840000,5280000,4944000,2640000,2947200,1622400,1488000,633600,9600,0,0,0,0
2020-08-12,0,0,0,0,0,0,96000,1372800,4627200,6240000,7305600,3782400,4137600,5980800,3964800,4320000,3580800,1536000,297600,19200,0,0,0,0
2020-08-13,0,0,0,0,0,0,38400,547200,1804800,2342400,5136000,5433600,4262400,4560000,3715200,3043200,4137600,1440000,364800,0,0,0,0,0
2020-08-14,0,0,0,0,0,0,297600,1593600,3744000,6230400,8121600,8985600,6950400,6499200,8592000,7180800,4358400,2169600,576000,0,0,0,0,0
2020-08-15,0,0,0,0,0,0,249600,2054400,4646400,6672000,8544000,9120000,9676800,9734400,8947200,7459200,5376000,2880000,566400,0,0,0,0,0
2020-08-16,0,0,0,0,0,0,134400,1536000,4387200,6835200,7046400,5491200,8160000,6576000,5270400,6451200,5500800,3024000,921600,9600,0,0,0,0
2020-08-17,0,0,0,0,0,0,201600,1267200,3513600,6124800,8016000,8976000,7113600,7420800,7574400,6460800,5212800,2649600,585600,9600,0,0,0,0
2020-08-18,0,0,0,0,0,0,192000,1228800,3888000,5913600,7833600,8284800,8976000,8899200,8188800,7200000,5212800,2716800,595200,0,0,0,0,0
2020-08-19,0,0,0,0,0,0,211200,1641600,4550400,6969600,8640000,9456000,9868800,9744000,9004800,7574400,5414400,2745600,556800,0,0,0,0,0
2020-08-20,0,0,0,0,0,0,76800,566400,3734400,6480000,8553600,9686400,9984000,9878400,9081600,7814400,5568000,2803200,528000,0,0,0,0,0
2020-08-21,0,0,0,0,0,0,134400,1190400,3984000,6806400,7209600,5904000,5040000,7449600,8716800,7209600,5068800,2572800,547200,0,0,0,0,0
2020-08-22,0,0,0,0,0,0,57600,1411200,2659200,2630400,3264000,4540800,5366400,6508800,4531200,2947200,2640000,1094400,489600,0,0,0,0,0
2020-08-23,0,0,0,0,0,0,144000,1843200,3782400,5366400,7584000,8640000,8256000,9619200,8630400,7036800,5193600,2601600,604800,0,0,0,0,0
2020-08-24,0,0,0,0,0,0,163200,1526400,4339200,6796800,8496000,8169600,6633600,8361600,8140800,5116800,4598400,1795200,441600,0,0,0,0,0
2020-08-25,0,0,0,0,0,0,172800,1641600,4080000,6566400,6259200,5462400,8918400,8880000,8265600,7132800,4992000,2092800,393600,0,0,0,0,0
2020-08-26,0,0,0,0,0,0,518400,1248000,144000,633600,1804800,3216000,1996800,931200,1075200,336000,19200,48000,0,0,0,0,0,0
2020-08-27,0,0,0,0,0,0,57600,460800,1526400,1603200,1324800,4377600,6787200,5212800,4704000,3897600,3014400,1756800,326400,0,0,0,0,0
2020-08-28,0,0,0,0,0,0,153600,1497600,3321600,6009600,8448000,9388800,9715200,8409600,6124800,6355200,4675200,2390400,307200,0,0,0,0,0
2020-08-29,0,0,0,0,0,0,0,470400,1497600,4713600,5654400,5001600,5875200,4656000,3878400,5328000,4531200,2352000,412800,0,0,0,0,0
2020-08-30,0,0,0,0,0,0,67200,998400,3523200,5395200,6633600,6825600,8544000,9859200,8851200,7516800,5769600,3552000,748800,0,0,0,0,0
2020-08-31,0,0,0,0,0,0,134400,1632000,4396800,6595200,7872000,9062400,8505600,6460800,8064000,4348800,624000,2380800,134400,0,0,0,0,0
2020-09-01,0,0,0,0,0,0,115200,1766400,4617600,6844800,7526400,8524800,8217600,4204800,2188800,1699200,1699200,988800,105600,0,0,0,0,0
2020-09-02,0,0,0,0,0,0,0,105600,691200,1392000,2064000,2236800,1334400,777600,643200,403200,96000,19200,0,0,0,0,0,0
2020-09-03,0,0,0,0,0,0,9600,1324800,3225600,6528000,6297600,7612800,5049600,6067200,6432000,5558400,4646400,2112000,297600,0,0,0,0,0
2020-09-04,0,0,0,0,0,0,144000,1392000,4099200,6835200,8227200,9264000,7075200,7804800,7516800,5328000,4051200,1363200,201600,0,0,0,0,0
2020-09-05,0,0,0,0,0,0,48000,739200,1852800,1689600,2611200,2640000,3744000,2284800,1123200,1219200,1180800,547200,9600,0,0,0,0,0
2020-09-06,0,0,0,0,0,0,28800,345600,940800,2035200,2275200,2803200,2332800,1420800,1161600,739200,470400,201600,9600,0,0,0,0,0
2020-09-07,0,0,0,0,0,0,0,124800,729600,1440000,2668800,2995200,1372800,979200,3168000,4809600,4944000,2054400,268800,0,0,0,0,0
2020-09-08,0,0,0,0,0,0,57600,710400,3475200,6739200,6105600,6067200,9187200,8140800,6633600,3244800,1987200,1526400,211200,0,0,0,0,0
2020-09-09,0,0,0,0,0,0,67200,1286400,4032000,2419200,2649600,2294400,7488000,9484800,7478400,5596800,2659200,585600,28800,0,0,0,0,0
2020-09-10,0,0,0,0,0,0,182400,1411200,2208000,4521600,6854400,5491200,8620800,5654400,6278400,5808000,2198400,1276800,19200,0,0,0,0,0
2020-09-11,0,0,0,0,0,0,0,172800,720000,681600,1449600,2668800,1123200,1372800,1056000,796800,710400,288000,0,0,0,0,0,0
2020-09-12,0,0,0,0,0,0,0,211200,1334400,2774400,3648000,6096000,4905600,6076800,6076800,5481600,4012800,1353600,124800,0,0,0,0,0
2020-09-13,0,0,0,0,0,0,0,547200,1900800,3868800,4473600,4761600,3369600,1814400,2544000,1238400,1440000,825600,19200,0,0,0,0,0
2020-09-14,0,0,0,0,0,0,38400,403200,3187200,5558400,5769600,4387200,9513600,8870400,6998400,7036800,4041600,1612800,144000,0,0,0,0,0
2020-09-15,0,0,0,0,0,0,163200,1248000,4377600,6720000,7574400,9264000,6979200,8246400,3417600,4732800,1968000,528000,28800,0,0,0,0,0
2020-09-16,0,0,0,0,0,0,0,48000,1113600,1987200,3446400,4924800,1814400,3014400,4512000,2534400,768000,124800,0,0,0,0,0,0
2020-09-17,0,0,0,0,0,0,9600,105600,460800,1699200,3110400,2198400,2496000,1958400,1574400,1344000,672000,163200,0,0,0,0,0,0
2020-09-18,0,0,0,0,0,0,9600,537600,1593600,1900800,4156800,6412800,7286400,7660800,6902400,4598400,3916800,1824000,172800,0,0,0,0,0
2020-09-19,0,0,0,0,0,0,96000,1440000,4089600,6220800,7776000,8784000,7920000,6384000,6585600,3897600,4358400,1574400,96000,0,0,0,0,0
2020-09-20,0,0,0,0,0,0,48000,835200,2390400,6576000,8553600,9619200,9571200,9024000,8659200,6758400,4358400,1632000,86400,0,0,0,0,0
2020-09-21,0,0,0,0,0,0,115200,1286400,3225600,4368000,7286400,7708800,8505600,9504000,8870400,6998400,4473600,1459200,19200,0,0,0,0,0
2020-09-22,0,0,0,0,0,0,19200,566400,1286400,2534400,4262400,4723200,5875200,8544000,8745600,6998400,4262400,1459200,76800,0,0,0,0,0
2020-09-23,0,0,0,0,0,0,38400,1372800,2083200,3590400,3427200,4022400,5078400,4934400,4742400,4531200,2073600,297600,0,0,0,0,0,0
2020-09-24,0,0,0,0,0,0,48000,1017600,1564800,3744000,3513600,7603200,5750400,7728000,8707200,5952000,3513600,1008000,28800,0,0,0,0,0
2020-09-25,0,0,0,0,0,0,67200,1449600,4281600,7296000,9043200,10003200,8812800,9753600,7804800,6748800,3600000,729600,0,0,0,0,0,0
2020-09-26,0,0,0,0,0,0,28800,912000,3561600,6720000,8572800,9532800,8352000,8236800,8640000,6835200,4099200,1420800,57600,0,0,0,0,0
2020-09-27,0,0,0,0,0,0,48000,1084800,3436800,7161600,8707200,9686400,8659200,6835200,4953600,6585600,4022400,1276800,38400,0,0,0,0,0
2020-09-28,0,0,0,0,0,0,38400,1286400,3936000,7190400,8870400,9004800,9043200,9388800,7958400,6412800,4137600,1257600,28800,0,0,0,0,0
2020-09-29,0,0,0,0,0,0,28800,681600,2832000,5923200,8966400,7814400,7468800,8649600,6211200,6384000,3033600,729600,19200,0,0,0,0,0
2020-09-30,0,0,0,0,0,0,19200,1353600,3801600,6403200,7920000,8217600,8592000,7872000,6595200,5203200,3312000,921600,9600,0,0,0,0,0
2020-10-01,0,0,0,0,0,0,28800,480000,1267200,3273600,4934400,6681600,7776000,7209600,5980800,5616000,3513600,816000,0,0,0,0,0,0
2020-10-02,0,0,0,0,0,0,19200,777600,3206400,6230400,6518400,6278400,6537600,7411200,7411200,5529600,2726400,835200,0,0,0,0,0,0
2020-10-03,0,0,0,0,0,0,0,230400,1785600,6393600,4819200,5606400,8553600,7497600,7708800,4838400,1689600,297600,0,0,0,0,0,0
2020-10-04,0,0,0,0,0,0,0,249600,547200,1084800,3043200,3945600,2966400,1238400,1219200,1248000,633600,268800,0,0,0,0,0,0
2020-10-05,0,0,0,0,0,0,48000,1584000,4684800,7248000,8928000,10128000,10588800,8985600,7987200,6038400,3196800,643200,9600,0,0,0,0,0
2020-10-06,0,0,0,0,0,0,38400,1785600,5030400,7718400,9360000,10262400,10540800,9974400,8841600,6854400,3753600,912000,0,0,0,0,0,0
2020-10-07,0,0,0,0,0,0,9600,1603200,4675200,6489600,8486400,9907200,9216000,8246400,6988800,5193600,3283200,316800,0,0,0,0,0,0
2020-10-08,0,0,0,0,0,0,19200,1190400,4406400,7411200,9120000,10051200,10272000,9705600,8457600,6489600,3763200,892800,0,0,0,0,0,0
2020-10-09,0,0,0,0,0,0,28800,1248000,4166400,7190400,8448000,9724800,10291200,9945600,8726400,6777600,3897600,960000,0,0,0,0,0,0
2020-10-10,0,0,0,0,0,0,9600,1027200,3820800,7113600,8640000,9388800,9753600,9484800,8236800,6297600,3820800,758400,0,0,0,0,0,0
2020-10-11,0,0,0,0,0,0,9600,336000,2985600,6614400,5616000,8870400,7478400,8006400,8217600,6172800,1843200,662400,0,0,0,0,0,0
2020-10-12,0,0,0,0,0,0,38400,844800,2880000,4128000,8256000,9571200,10089600,9571200,7929600,5376000,2601600,326400,0,0,0,0,0,0
2020-10-13,0,0,0,0,0,0,0,432000,1411200,2736000,4358400,7257600,5356800,3091200,2688000,2179200,1324800,758400,0,0,0,0,0,0
2020-10-14,0,0,0,0,0,0,0,384000,2524800,5827200,3657600,6748800,8102400,8880000,8016000,6048000,3148800,585600,0,0,0,0,0,0
2020-10-15,0,0,0,0,0,0,0,441600,2112000,5001600,9072000,9945600,10435200,8188800,4982400,4041600,844800,153600,0,0,0,0,0,0
2020-10-16,0,0,0,0,0,0,0,259200,720000,1497600,1814400,3436800,2208000,2323200,3244800,1526400,384000,28800,0,0,0,0,0,0
2020-10-17,0,0,0,0,0,0,9600,1315200,4089600,6633600,8486400,9321600,9292800,9225600,7977600,6038400,3129600,566400,0,0,0,0,0,0
2020-10-18,0,0,0,0,0,0,9600,1276800,4185600,6854400,8380800,8400000,9609600,9187200,8131200,5596800,1968000,316800,0,0,0,0,0,0
2020-10-19,0,0,0,0,0,0,0,508800,2860800,5904000,7353600,8217600,9696000,8697600,7814400,5654400,2601600,499200,0,0,0,0,0,0
2020-10-20,0,0,0,0,0,0,0,1142400,4128000,6816000,8352000,9254400,9177600,8592000,7315200,5078400,2582400,393600,0,0,0,0,0,0
2020-10-21,0,0,0,0,0,0,0,374400,1372800,2611200,2832000,1651200,1804800,643200,729600,384000,0,0,0,0,0,0,0,0
2020-10-22,0,0,0,0,0,0,0,307200,1401600,2246400,3657600,5500800,3388800,4214400,2966400,2457600,1488000,451200,0,0,0,0,0,0
2020-10-23,0,0,0,0,0,0,0,432000,2688000,6124800,6403200,7056000,6921600,9456000,4089600,2640000,1142400,153600,0,0,0,0,0,0
2020-10-24,0,0,0,0,0,0,0,585600,3168000,5328000,8371200,10396800,10636800,10099200,8668800,6480000,3360000,403200,0,0,0,0,0,0
2020-10-25,0,0,0,0,0,0,0,1046400,3619200,6700800,8678400,8016000,8188800,7507200,5078400,2947200,2304000,220800,0,0,0,0,0,0
2020-10-26,0,0,0,0,0,0,0,1104000,4281600,6393600,7008000,9484800,9724800,9312000,6768000,4406400,1401600,384000,0,0,0,0,0,0
2020-10-27,0,0,0,0,0,0,0,681600,2851200,4944000,6998400,8169600,8294400,7468800,6643200,4166400,1824000,240000,0,0,0,0,0,0
2020-10-28,0,0,0,0,0,0,0,134400,758400,2140800,3763200,3705600,5116800,4963200,3840000,5241600,3043200,288000,0,0,0,0,0,0
2020-10-29,0,0,0,0,0,0,0,1200000,4416000,7008000,8784000,8966400,8803200,9446400,7728000,5846400,2582400,278400,0,0,0,0,0,0
2020-10-30,0,0,0,0,0,0,0,969600,4003200,6672000,8467200,9398400,9475200,8928000,7564800,5385600,2332800,163200,0,0,0,0,0,0
2020-10-31,0,0,0,0,0,0,0,806400,3772800,6326400,8236800,9408000,9417600,8736000,7526400,3907200,2352000,211200,0,0,0,0,0,0
2020-11-01,0,0,0,0,0,0,0,19200,739200,624000,787200,979200,1075200,940800,604800,700800,115200,19200,0,0,0,0,0,0
2020-11-02,0,0,0,0,0,0,0,192000,1248000,1728000,2688000,4857600,6019200,7344000,5462400,3696000,1689600,172800,0,0,0,0,0,0
2020-11-03,0,0,0,0,0,0,0,729600,3868800,6614400,6912000,8054400,7881600,8217600,6729600,4224000,1372800,105600,0,0,0,0,0,0
2020-11-04,0,0,0,0,0,0,0,777600,4051200,6931200,8630400,10089600,10464000,9888000,8361600,6048000,2736000,192000,0,0,0,0,0,0
2020-11-05,0,0,0,0,0,0,0,412800,2025600,6518400,8169600,9580800,6883200,4876800,4243200,2956800,2006400,48000,0,0,0,0,0,0
2020-11-06,0,0,0,0,0,0,0,48000,211200,403200,1344000,873600,1488000,1459200,1161600,787200,316800,0,0,0,0,0,0,0
2020-11-07,0,0,0,0,0,0,0,124800,854400,2102400,6096000,7536000,8572800,7996800,6566400,4060800,1401600,105600,0,0,0,0,0,0
2020-11-08,0,0,0,0,0,0,0,633600,3513600,6009600,7152000,9196800,9744000,9340800,8064000,5779200,2467200,134400,0,0,0,0,0,0
2020-11-09,0,0,0,0,0,0,0,604800,3628800,6777600,8832000,9955200,10051200,8793600,6432000,4521600,1804800,86400,0,0,0,0,0,0
2020-11-10,0,0,0,0,0,0,0,432000,2956800,5184000,6739200,8352000,8755200,7795200,6086400,4329600,1900800,105600,0,0,0,0,0,0
2020-11-11,0,0,0,0,0,0,0,528000,2832000,4444800,5798400,6499200,6681600,6153600,5174400,3609600,1603200,86400,0,0,0,0,0,0
2020-11-12,0,0,0,0,0,0,0,460800,2928000,5395200,7094400,7852800,8016000,7641600,6364800,4416000,1756800,76800,0,0,0,0,0,0
2020-11-13,0,0,0,0,0,0,0,422400,2774400,5232000,6816000,7651200,7756800,7152000,5836800,3801600,1344000,67200,0,0,0,0,0,0
2020-11-14,0,0,0,0,0,0,0,288000,2275200,4867200,6585600,7315200,7488000,7142400,5894400,3273600,1891200,67200,0,0,0,0,0,0
2020-11-15,0,0,0,0,0,0,0,144000,2198400,4704000,6019200,7545600,7814400,7276800,6144000,4300800,1670400,67200,0,0,0,0,0,0
2020-11-16,0,0,0,0,0,0,0,182400,2496000,5212800,6825600,7526400,7296000,6220800,5913600,4022400,1132800,28800,0,0,0,0,0,0
2020-11-17,0,0,0,0,0,0,0,19200,883200,5097600,4560000,7392000,9033600,7641600,2150400,835200,374400,48000,0,0,0,0,0,0
2020-11-18,0,0,0,0,0,0,0,86400,796800,2323200,4800000,3043200,1756800,2035200,1276800,672000,374400,48000,0,0,0,0,0,0
2020-11-19,0,0,0,0,0,0,0,28800,9600,115200,220800,777600,883200,1094400,326400,691200,288000,0,0,0,0,0,0,0
2020-11-20,0,0,0,0,0,0,0,0,345600,988800,1526400,1094400,1219200,988800,1027200,566400,172800,0,0,0,0,0,0,0
2020-11-21,0,0,0,0,0,0,0,364800,3014400,6153600,8198400,9014400,7459200,4406400,4579200,1180800,163200,0,0,0,0,0,0,0
2020-11-22,0,0,0,0,0,0,0,0,556800,1689600,2102400,1584000,1113600,720000,614400,316800,9600,0,0,0,0,0,0,0
2020-11-23,0,0,0,0,0,0,0,19200,384000,633600,1017600,1372800,3494400,3052800,4377600,3907200,739200,0,0,0,0,0,0,0
2020-11-24,0,0,0,0,0,0,0,153600,1315200,4358400,3465600,8659200,9868800,9379200,8016000,5404800,1910400,38400,0,0,0,0,0,0
2020-11-25,0,0,0,0,0,0,0,240000,2678400,5904000,7968000,8889600,9254400,8908800,7536000,5011200,1584000,38400,0,0,0,0,0,0
2020-11-26,0,0,0,0,0,0,0,67200,1142400,2688000,6796800,8035200,8275200,6912000,6441600,4233600,1276800,19200,0,0,0,0,0,0
2020-11-27,0,0,0,0,0,0,0,48000,1113600,3724800,3475200,1900800,1718400,1065600,3216000,1171200,268800,0,0,0,0,0,0,0
2020-11-28,0,0,0,0,0,0,0,19200,892800,710400,1315200,3782400,7497600,6902400,2928000,864000,278400,0,0,0,0,0,0,0
2020-11-29,0,0,0,0,0,0,0,38400,816000,2582400,4233600,3216000,1670400,4060800,2736000,2822400,844800,19200,0,0,0,0,0,0
2020-11-30,0,0,0,0,0,0,0,57600,816000,2736000,7641600,8822400,6336000,4435200,4857600,2323200,499200,9600,0,0,0,0,0,0
2020-12-01,0,0,0,0,0,0,0,163200,2496000,5328000,7929600,9216000,9580800,9043200,7334400,5001600,1728000,28800,0,0,0,0,0,0
2020-12-02,0,0,0,0,0,0,0,105600,1977600,3475200,5616000,5529600,4915200,8188800,7017600,4953600,1737600,38400,0,0,0,0,0,0
2020-12-03,0,0,0,0,0,0,0,0,278400,1123200,4425600,6777600,9110400,8774400,6806400,3657600,921600,28800,0,0,0,0,0,0
2020-12-04,0,0,0,0,0,0,0,211200,2668800,3916800,6403200,6172800,4924800,5894400,4233600,3811200,1632000,38400,0,0,0,0,0,0
2020-12-05,0,0,0,0,0,0,0,153600,1632000,4560000,7296000,8524800,8928000,4732800,4780800,4320000,1190400,28800,0,0,0,0,0,0
2020-12-06,0,0,0,0,0,0,0,105600,2035200,4742400,7353600,8534400,9081600,8620800,7267200,4656000,1555200,38400,0,0,0,0,0,0
2020-12-07,0,0,0,0,0,0,0,0,28800,134400,672000,3446400,6921600,5385600,2515200,1113600,76800,0,0,0,0,0,0,0
2020-12-08,0,0,0,0,0,0,0,67200,1622400,2649600,6182400,5971200,6316800,2534400,1910400,1814400,518400,19200,0,0,0,0,0,0
2020-12-09,0,0,0,0,0,0,0,96000,2054400,4963200,7776000,9004800,9177600,8563200,7363200,4761600,1680000,28800,0,0,0,0,0,0
2020-12-10,0,0,0,0,0,0,0,0,48000,451200,1612800,1824000,2246400,4713600,3628800,3120000,787200,38400,0,0,0,0,0,0
2020-12-11,0,0,0,0,0,0,0,9600,403200,3196800,4272000,4060800,2745600,3120000,777600,585600,153600,0,0,0,0,0,0,0
2020-12-12,0,0,0,0,0,0,0,19200,1113600,3820800,6374400,7737600,8659200,8361600,7267200,4521600,1516800,38400,0,0,0,0,0,0
2020-12-13,0,0,0,0,0,0,0,19200,979200,2198400,3139200,4137600,3638400,2784000,2592000,38400,9600,0,0,0,0,0,0,0
2020-12-14,0,0,0,0,0,0,0,0,38400,57600,134400,259200,144000,220800,76800,0,0,0,0,0,0,0,0,0
2020-12-15,0,0,0,0,0,0,0,0,9600,230400,499200,825600,1670400,3283200,5059200,4780800,1843200,38400,0,0,0,0,0,0
2020-12-16,0,0,0,0,0,0,0,28800,1449600,4828800,7670400,6835200,8640000,9206400,7766400,4905600,931200,38400,0,0,0,0,0,0
2020-12-17,0,0,0,0,0,0,0,19200,1161600,4857600,7699200,8793600,8966400,8966400,7756800,5078400,1862400,57600,0,0,0,0,0,0
2020-12-18,0,0,0,0,0,0,0,19200,1046400,3657600,5856000,5836800,5174400,4809600,3052800,2044800,249600,28800,0,0,0,0,0,0
2020-12-19,0,0,0,0,0,0,0,0,1401600,5097600,8121600,9667200,10137600,9715200,8313600,5232000,1132800,38400,0,0,0,0,0,0
2020-12-20,0,0,0,0,0,0,0,0,422400,1699200,3763200,7065600,4742400,3868800,2928000,2668800,2275200,38400,0,0,0,0,0,0
2020-12-21,0,0,0,0,0,0,0,0,307200,2400000,3340800,5760000,6230400,4915200,4387200,1516800,825600,38400,0,0,0,0,0,0
2020-12-22,0,0,0,0,0,0,0,0,192000,854400,3177600,6134400,6883200,6902400,5347200,3052800,1132800,48000,0,0,0,0,0,0
2020-12-23,0,0,0,0,0,0,0,9600,633600,1824000,2601600,3696000,4838400,3849600,5404800,3945600,844800,28800,0,0,0,0,0,0
2020-12-24,0,0,0,0,0,0,0,0,633600,2438400,5318400,7353600,8515200,7545600,4857600,4521600,1747200,76800,0,0,0,0,0,0
2020-12-25,0,0,0,0,0,0,0,0,988800,2092800,6940800,7344000,6364800,8601600,7872000,5318400,1929600,105600,0,0,0,0,0,0
2020-12-26,0,0,0,0,0,0,0,19200,1497600,3897600,6700800,8256000,8659200,8313600,7036800,4598400,1824000,105600,0,0,0,0,0,0
2020-12-27,0,0,0,0,0,0,0,0,163200,499200,787200,1104000,1190400,931200,787200,441600,134400,0,0,0,0,0,0,0
2020-12-28,0,0,0,0,0,0,0,0,432000,1497600,2908800,7497600,7958400,8880000,7641600,5068800,2035200,96000,0,0,0,0,0,0
2020-12-29,0,0,0,0,0,0,0,0,345600,1257600,5280000,6172800,1219200,614400,451200,134400,48000,0,0,0,0,0,0,0
2020-12-30,0,0,0,0,0,0,0,0,163200,172800,1372800,2016000,1344000,1430400,1065600,1161600,220800,0,0,0,0,0,0,0
2020-12-31,0,0,0,0,0,0,0,0,0,192000,384000,604800,307200,182400,28800,211200,28800,0,0,0,0,0,0,0
