,date,acdc,load,pv,ess_charge,ess_discharge,workday
0,2023-08-27 16:00,1.11,16.66,17.94,0,0,0
1,2023-08-27 17:00,26.87,43.06,16.32,0,0,0
2,2023-08-27 18:00,41.31,41.33,0.07,0,0,0
3,2023-08-27 19:00,36.22,36.19,0,0,0,0
4,2023-08-27 20:00,38.68,38.74,0,0,0,0
5,2023-08-27 21:00,36.53,36.43,0,0,0,0
6,2023-08-27 22:00,35.61,35.63,0,0,0,0
7,2023-08-27 23:00,24.59,24.53,0,0,0,0
8,2023-08-28 0:00,37.99,37.79,0,0,0,1
9,2023-08-28 1:00,34.67,34.47,0,0,0,1
10,2023-08-28 2:00,41.24,41.11,0,0,0,1
11,2023-08-28 3:00,49.51,49.4,0,0,0,1
12,2023-08-28 4:00,58.36,58.25,0,0,0,1
13,2023-08-28 5:00,68.97,68.88,0,0,0,1
14,2023-08-28 6:00,87.18,87.48,0.51,0,0,1
15,2023-08-28 7:00,110.92,113.55,2.79,0,0,1
16,2023-08-28 8:00,133.8,140.65,7.03,0,0,1
17,2023-08-28 9:00,34.65,55.99,23.89,0,0,1
18,2023-08-28 10:00,89.34,182.23,92.79,0,0,1
19,2023-08-28 11:00,87.43,191.31,103.77,0,0,1
20,2023-08-28 12:00,74.57,189.98,115.26,0,0,1
21,2023-08-28 13:00,88.68,189.74,100.84,-78.32,0,1
22,2023-08-28 14:00,121.51,192.05,70.59,0,0,1
23,2023-08-28 15:00,128.28,189.44,61.36,0,0,1
24,2023-08-28 16:00,153.04,187.95,35.08,0,0,1
25,2023-08-28 17:00,160.74,173.9,13.52,0,0,1
26,2023-08-28 18:00,159.53,159.31,0.13,0,0,1
27,2023-08-28 19:00,199.43,198.91,0,0,0,1
28,2023-08-28 20:00,184.86,184.3,0,0,0,1
29,2023-08-28 21:00,141.38,140.84,0,0,0,1
30,2023-08-28 22:00,107.45,106.89,0,0,0,1
31,2023-08-28 23:00,72.4,71.86,0,0,0,1
32,2023-08-29 0:00,53.27,52.34,0,0,0,1
33,2023-08-29 1:00,45.42,44.35,0,0,0,1
34,2023-08-29 2:00,55.69,54.95,0,0,0,1
35,2023-08-29 3:00,48.54,47.48,0,0,0,1
36,2023-08-29 4:00,74.77,73.75,0,0,0,1
37,2023-08-29 5:00,93.57,92.65,0,0,0,1
38,2023-08-29 6:00,100.77,101.39,1.6,0,0,1
39,2023-08-29 7:00,117.54,127.02,10.04,0,0,1
40,2023-08-29 8:00,143.21,173.26,30.59,0,0,1
41,2023-08-29 9:00,156.87,217.71,61.25,0,0,1
42,2023-08-29 10:00,181.92,241.32,59.51,0,0,1
43,2023-08-29 11:00,203.29,252.66,49.47,0,0,1
44,2023-08-29 12:00,245.09,252.05,7.49,0,0,1
45,2023-08-29 13:00,219.58,250.43,31.19,0,0,1
46,2023-08-29 14:00,210.51,254.62,44.32,0,0,1
47,2023-08-29 15:00,237.27,251.55,14.43,0,0,1
48,2023-08-29 16:00,228.8,249.42,21.21,0,0,1
49,2023-08-29 17:00,228.35,230.62,2.85,0,0,1
50,2023-08-29 18:00,207.62,209.23,2.23,0,0,1
51,2023-08-29 19:00,196.48,195.63,0,0,0,1
52,2023-08-29 20:00,179.43,178.81,0,0,0,1
53,2023-08-29 21:00,141.4,140.89,0,0,0,1
54,2023-08-29 22:00,102.5,101.91,0,0,0,1
55,2023-08-29 23:00,64.07,63.54,0,0,0,1
56,2023-08-30 0:00,52.06,51.52,0,0,0,1
57,2023-08-30 1:00,44.25,43.82,0,0,0,1
58,2023-08-30 2:00,54.82,54.41,0,0,0,1
59,2023-08-30 3:00,56.04,55.59,0,0,0,1
60,2023-08-30 4:00,83.13,82.62,0,0,0,1
61,2023-08-30 5:00,92.85,92.28,0,0,0,1
62,2023-08-30 6:00,102.38,101.14,0.15,0,0,1
63,2023-08-30 7:00,114.93,115.29,1.57,0,0,1
64,2023-08-30 8:00,150.77,161.6,12.11,0,0,1
65,2023-08-30 9:00,179.37,212.96,34.34,0,0,1
66,2023-08-30 10:00,215.46,239.59,25.53,0,0,1
67,2023-08-30 11:00,186.19,250.87,65.54,0,0,1
68,2023-08-30 12:00,206.92,249.5,43.4,0,0,1
69,2023-08-30 13:00,194.03,248.47,54.26,0,0,1
70,2023-08-30 14:00,208.32,251.72,43.33,0,0,1
71,2023-08-30 15:00,228.45,249.16,20.86,0,0,1
72,2023-08-30 16:00,235.4,246.33,11.42,0,0,1
73,2023-08-30 17:00,218.21,222.9,4.94,0,0,1
74,2023-08-30 18:00,199.86,199.17,0.09,0,0,1
75,2023-08-30 19:00,187.81,187.06,0,0,0,1
76,2023-08-30 20:00,174.59,173.9,0,0,0,1
77,2023-08-30 21:00,130.8,130.38,0,0,0,1
78,2023-08-30 22:00,96.7,96.15,0,0,0,1
79,2023-08-30 23:00,62,61.38,0,0,0,1
80,2023-08-31 0:00,43.3,42.92,0,0,0,1
81,2023-08-31 1:00,36.1,35.53,0,0,0,1
82,2023-08-31 2:00,46.6,46.02,0,0,0,1
83,2023-08-31 3:00,47.9,47.97,0,0,0,1
84,2023-08-31 4:00,74.7,74.02,0,0,0,1
85,2023-08-31 5:00,91.9,91.43,0,0,0,1
86,2023-08-31 6:00,94,96.83,3.1,0,0,1
87,2023-08-31 7:00,98.8,116.38,17.62,0,0,1
88,2023-08-31 8:00,92.3,162.87,70.46,0,0,1
89,2023-08-31 9:00,107,210.7,103.38,0,0,1
90,2023-08-31 10:00,89.3,235.07,145.92,0,0,1
91,2023-08-31 11:00,58.2,252.53,193.87,0,0,1
92,2023-08-31 12:00,53.4,220.93,180.88,0,0,1
93,2023-08-31 13:00,70.5,245.44,176.27,0,0,1
94,2023-08-31 14:00,83,252.37,167.41,0,0,1
95,2023-08-31 15:00,106.9,248.32,140.97,0,0,1
96,2023-08-31 16:00,152.2,245.39,92.65,0,0,1
97,2023-08-31 17:00,181.3,226.81,45.51,0,0,1
98,2023-08-31 18:00,199.8,205.52,5.99,0,0,1
99,2023-08-31 19:00,186.1,185.52,0.02,0,0,1
100,2023-08-31 20:00,173,172.31,0,0,0,1
101,2023-08-31 21:00,128.4,127.64,0,0,0,1
102,2023-08-31 22:00,100.8,100.42,0,0,0,1
103,2023-08-31 23:00,67,66.36,0,0,0,1
104,2023-09-01 0:00,42.9,42.2,0,0,0,1
105,2023-09-01 1:00,33.9,33.38,0,0,0,1
106,2023-09-01 2:00,43.6,42.92,0,0,0,1
107,2023-09-01 3:00,45.6,45.43,0,0,0,1
108,2023-09-01 4:00,73.3,72.39,0,0,0,1
109,2023-09-01 5:00,90.9,90.77,0,0,0,1
110,2023-09-01 6:00,94.9,95.19,0.64,0,0,1
111,2023-09-01 7:00,98.4,114.61,16.31,0,0,1
112,2023-09-01 8:00,124.7,160.51,35.72,0,0,1
113,2023-09-01 9:00,147.3,206.79,60.06,0,0,1
114,2023-09-01 10:00,124.4,235.25,111.09,0,0,1
115,2023-09-01 11:00,100.6,249.02,147.13,0,0,1
116,2023-09-01 12:00,100.1,246.28,147.39,0,0,1
117,2023-09-01 13:00,55,245.9,191.25,0,0,1
118,2023-09-01 14:00,85.4,248.25,164.83,0,0,1
119,2023-09-01 15:00,114.8,246.12,132.86,0,0,1
120,2023-09-01 16:00,163.5,244.16,81.39,0,0,1
121,2023-09-01 17:00,188,224.88,39.07,0,0,1
122,2023-09-01 18:00,197.8,202.97,7.6,0,0,1
123,2023-09-01 19:00,194.2,191.63,0,0,0,1
124,2023-09-01 20:00,176.6,174.09,0,0,0,1
125,2023-09-01 21:00,136,133.2,0,0,0,1
126,2023-09-01 22:00,95.8,94.65,0,0,0,1
127,2023-09-01 23:00,61.7,59.2,0,0,0,1
128,2023-09-02 0:00,43.6,40.16,0,0,0,0
129,2023-09-02 1:00,42,39.03,0,0,0,0
130,2023-09-02 2:00,40.3,37.32,0,0,0,0
131,2023-09-02 3:00,40.7,37.87,0,0,0,0
132,2023-09-02 4:00,40.8,37.7,0,0,0,0
133,2023-09-02 5:00,39.8,37.43,0,0,0,0
134,2023-09-02 6:00,38.7,37.3,1.35,0,0,0
135,2023-09-02 7:00,13.4,38.37,28.05,0,0,0
136,2023-09-02 8:00,18.1,40.31,24.32,0,0,0
137,2023-09-02 9:00,4.9,44.28,48.13,0,0,0
138,2023-09-02 10:00,4,50.68,58.5,0,0,0
139,2023-09-02 11:00,0.9,53.99,69.69,0,0,0
140,2023-09-02 12:00,18.1,56.36,38.99,0,0,0
141,2023-09-02 13:00,0.1,56.69,131.46,0,0,0
142,2023-09-02 14:00,2.6,57.92,98.91,0,0,0
143,2023-09-02 15:00,27.9,57.81,30.16,0,0,0
144,2023-09-02 16:00,24.5,55.26,32.49,0,0,0
145,2023-09-02 17:00,36.2,54.69,20.14,0,0,0
146,2023-09-02 18:00,52.1,54.32,4.48,0,0,0
147,2023-09-02 19:00,55.5,52.43,0,0,0,0
148,2023-09-02 20:00,55.3,52.31,0,0,0,0
149,2023-09-02 21:00,54.5,51.76,0,0,0,0
150,2023-09-02 22:00,53.4,51.57,0,0,0,0
151,2023-09-02 23:00,50.9,48.87,0,0,0,0
152,2023-09-03 0:00,50.6,48.31,0,0,0,0
153,2023-09-03 1:00,49.9,47.03,0,0,0,0
154,2023-09-03 2:00,48.8,45.52,0,0,0,0
155,2023-09-03 3:00,49,45.36,0,0,0,0
156,2023-09-03 4:00,48.6,45.52,0,0,0,0
157,2023-09-03 5:00,46.3,43.72,0,0,0,0
158,2023-09-03 6:00,39.7,37.37,0.39,0,0,0
159,2023-09-03 7:00,26.7,38.3,13.81,0,0,0
160,2023-09-03 8:00,0.6,41.6,68.34,0,0,0
161,2023-09-03 9:00,0,50.72,115.32,0,0,0
162,2023-09-03 10:00,0,55.07,147.61,0,0,0
163,2023-09-03 11:00,0.1,59.39,160.78,0,0,0
164,2023-09-03 12:00,0,59.74,119.6,0,0,0
165,2023-09-03 13:00,0,59.2,134.4,0,0,0
166,2023-09-03 14:00,0,60.79,131.6,0,0,0
167,2023-09-03 15:00,6.8,59.32,55.96,0,0,0
168,2023-09-03 16:00,1,58.91,92.98,0,0,0
169,2023-09-03 17:00,25.4,59.05,34.65,0,0,0
170,2023-09-03 18:00,54.8,58.66,5.04,0,0,0
171,2023-09-03 19:00,58,56.18,0,0,0,0
172,2023-09-03 20:00,57.4,55.5,0,0,0,0
173,2023-09-03 21:00,47.7,44.49,0,0,0,0
174,2023-09-03 22:00,44.8,44.2,0,0,0,0
175,2023-09-03 23:00,42.7,39.29,0,0,0,0
176,2023-09-04 0:00,41.9,39.54,0,0,0,1
177,2023-09-04 1:00,31.6,30.18,0,0,0,1
178,2023-09-04 2:00,43.2,44.18,0,0,0,1
179,2023-09-04 3:00,43.7,44.69,0,0,0,1
180,2023-09-04 4:00,72.3,72.88,0,0,0,1
181,2023-09-04 5:00,88.4,88.08,0,0,0,1
182,2023-09-04 6:00,92.6,96.82,2.86,0,0,1
183,2023-09-04 7:00,93.4,123.34,28.08,0,0,1
184,2023-09-04 8:00,86.2,167.9,82.16,0,0,1
185,2023-09-04 9:00,94.8,215.79,118.83,0,0,1
186,2023-09-04 10:00,111.6,238.3,125.12,0,0,1
187,2023-09-04 11:00,98.4,248.13,150.01,0,0,1
188,2023-09-04 12:00,75.2,247.4,171.92,0,0,1
189,2023-09-04 13:00,84.1,246.75,163.01,0,0,1
190,2023-09-04 14:00,116.1,252.47,134.94,0,0,1
191,2023-09-04 15:00,122.1,249.18,126.68,0,0,1
192,2023-09-04 16:00,176.6,246.09,69.19,0,0,1
193,2023-09-04 17:00,188.5,227.18,38.91,0,0,1
194,2023-09-04 18:00,198.2,204.37,7.13,0,0,1
195,2023-09-04 19:00,193.7,192.89,0,0,0,1
196,2023-09-04 20:00,179.8,179.35,0,0,0,1
197,2023-09-04 21:00,130.8,129.22,0,0,0,1
198,2023-09-04 22:00,94.2,94.86,0,0,0,1
199,2023-09-04 23:00,58.3,58.99,0,0,0,1
200,2023-09-05 0:00,42.3,39.67,0,0,0,1
201,2023-09-05 1:00,32.1,30.82,0,0,0,1
202,2023-09-05 2:00,43,44.08,0,0,0,1
203,2023-09-05 3:00,43.4,44.42,0,0,0,1
204,2023-09-05 4:00,76.7,77.21,0,0,0,1
205,2023-09-05 5:00,95.5,94.77,0,0,0,1
206,2023-09-05 6:00,99.5,101.8,0.99,0,0,1
207,2023-09-05 7:00,100.1,121.07,20.11,0,0,1
208,2023-09-05 8:00,83.6,164.5,80.39,0,0,1
209,2023-09-05 9:00,95.3,214.91,118.33,0,0,1
210,2023-09-05 10:00,111.9,234.66,121.54,0,0,1
211,2023-09-05 11:00,51.2,165.08,158.99,0,0,1
212,2023-09-05 12:00,91.9,237.78,145.67,0,0,1
213,2023-09-05 13:00,127.7,245.18,117.11,0,0,1
214,2023-09-05 14:00,106.3,248.06,140.91,0,0,1
215,2023-09-05 15:00,174,247.75,73.97,0,0,1
216,2023-09-05 16:00,203.9,246.07,42.02,0,0,1
217,2023-09-05 17:00,206.2,225.86,20.89,0,0,1
218,2023-09-05 18:00,203.1,204.22,2.12,0,0,1
219,2023-09-05 19:00,194.6,194.62,0,0,0,1
220,2023-09-05 20:00,182.1,182.3,0,0,0,1
221,2023-09-05 21:00,137.3,136.76,0,0,0,1
222,2023-09-05 22:00,100.9,101.22,0,0,0,1
223,2023-09-05 23:00,67.3,66.19,0,0,0,1
224,2023-09-06 0:00,47.7,46.21,0,0,0,1
225,2023-09-06 1:00,32.6,30.91,0,0,0,1
226,2023-09-06 2:00,43.3,44.27,0,0,0,1
227,2023-09-06 3:00,43.7,44.54,0,0,0,1
228,2023-09-06 4:00,72.4,73.08,0,0,0,1
229,2023-09-06 5:00,88.6,87.91,0,0,0,1
230,2023-09-06 6:00,91.3,95.05,2.71,0,0,1
231,2023-09-06 7:00,80.9,115.04,32.67,0,0,1
232,2023-09-06 8:00,81.8,164.28,82.36,0,0,1
233,2023-09-06 9:00,87.4,215.7,126.42,0,0,1
234,2023-09-06 10:00,78.5,238.29,157.78,0,0,1
235,2023-09-06 11:00,71.8,248.18,174.98,0,0,1
236,2023-09-06 12:00,82.3,247.51,164.07,0,0,1
237,2023-09-06 13:00,113.5,246.69,132.63,0,0,1
238,2023-09-06 14:00,102.6,252.84,147.46,0,0,1
239,2023-09-06 15:00,119.6,247.5,127.25,0,0,1
240,2023-09-06 16:00,152.9,246.02,91.14,0,0,1
241,2023-09-06 17:00,192.9,225.56,32.38,0,0,1
242,2023-09-06 18:00,202.5,202.97,0.73,0,0,1
243,2023-09-06 19:00,193.1,192.12,0,0,0,1
244,2023-09-06 20:00,179.8,178.99,0,0,0,1
245,2023-09-06 21:00,137,135.53,0,0,0,1
246,2023-09-06 22:00,102.1,102.89,0,0,0,1
247,2023-09-06 23:00,66.6,66.58,0,0,0,1
248,2023-09-07 0:00,50.1,48.25,0,0,0,1
249,2023-09-07 1:00,41.1,38.89,0,0,0,1
250,2023-09-07 2:00,50.4,51.38,0,0,0,1
251,2023-09-07 3:00,44.1,44.68,0,0,0,1
252,2023-09-07 4:00,71.7,72.7,0,0,0,1
253,2023-09-07 5:00,89.2,88,0,0,0,1
254,2023-09-07 6:00,93.4,94.72,0.18,0,0,1
255,2023-09-07 7:00,98,113.94,13.96,0,0,1
256,2023-09-07 8:00,94.9,161.41,65.42,0,0,1
257,2023-09-07 9:00,81.3,214.09,130.45,0,0,1
258,2023-09-07 10:00,70.9,235.31,164.28,0,0,1
259,2023-09-07 11:00,64.5,245.99,181.88,0,0,1
260,2023-09-07 12:00,55.2,246.17,189.55,0,0,1
261,2023-09-07 13:00,59.9,245.82,183.64,0,0,1
262,2023-09-07 14:00,83.4,246.01,163.5,0,0,1
263,2023-09-07 15:00,111.6,245.98,132.6,0,0,1
264,2023-09-07 16:00,153.6,240.41,87.9,0,0,1
265,2023-09-07 17:00,187.6,216.93,35.3,0,0,1
266,2023-09-07 18:00,198.8,202.5,3.1,0,0,1
267,2023-09-07 19:00,192.2,188.46,0,0,0,1
268,2023-09-07 20:00,173.4,169.13,0,0,0,1
269,2023-09-07 21:00,128,121.7,0,0,0,1
270,2023-09-07 22:00,94.2,88.27,0,0,0,1
271,2023-09-07 23:00,58.2,58.37,0,0,0,1
272,2023-09-08 0:00,40.8,32.93,0,0,0,1
273,2023-09-08 1:00,32.1,30.26,0,0,0,1
274,2023-09-08 2:00,43.2,42.64,0,0,0,1
275,2023-09-08 3:00,43.9,44.91,0,0,0,1
276,2023-09-08 4:00,74.3,73.26,0,0,0,1
277,2023-09-08 5:00,94.6,88.04,0,0,0,1
278,2023-09-08 6:00,100.3,97.9,0.1,0,0,1
279,2023-09-08 7:00,94.7,117.28,24.7,0,0,1
280,2023-09-08 8:00,81.2,159.58,84,0,0,1
281,2023-09-08 9:00,79.8,206.16,130.8,0,0,1
282,2023-09-08 10:00,67.9,230.15,164.9,0,0,1
283,2023-09-08 11:00,62.3,246.01,183.3,0,0,1
284,2023-09-08 12:00,55.9,245.78,189.1,0,0,1
285,2023-09-08 13:00,62,245.97,181.7,0,0,1
286,2023-09-08 14:00,87.7,245.9,159.5,0,0,1
287,2023-09-08 15:00,113.5,245.97,131.2,0,0,1
288,2023-09-08 16:00,155.7,241.3,85.9,0,0,1
289,2023-09-08 17:00,189.6,217.19,34.3,0,0,1
290,2023-09-08 18:00,200.3,203.03,2.6,0,0,1
291,2023-09-08 19:00,192.2,187.74,0,0,0,1
292,2023-09-08 20:00,178.9,173.97,0,0,0,1
293,2023-09-08 21:00,136.2,131.34,0,0,0,1
294,2023-09-08 22:00,101.3,101.2,0,0,0,1
295,2023-09-08 23:00,65.3,59.29,0,0,0,1
296,2023-09-09 0:00,46.4,44.56,0,0,0,0
297,2023-09-09 1:00,46.3,44.13,0,0,0,0
298,2023-09-09 2:00,39.8,33.07,0,0,0,0
299,2023-09-09 3:00,39.9,32.37,0,0,0,0
300,2023-09-09 4:00,40.1,33.35,0,0,0,0
301,2023-09-09 5:00,38.6,31.74,0,0,0,0
302,2023-09-09 6:00,40.8,36.48,0.4,0,0,0
303,2023-09-09 7:00,13.4,39.47,29.4,0,0,0
304,2023-09-09 8:00,0,42.51,81,0,0,0
305,2023-09-09 9:00,0,44.4,127.4,0,0,0
306,2023-09-09 10:00,0,46.59,161,0,0,0
307,2023-09-09 11:00,3.7,51.85,132.8,0,0,0
308,2023-09-09 12:00,4,57.2,117.8,0,0,0
309,2023-09-09 13:00,2.5,57.91,124.8,0,0,0
310,2023-09-09 14:00,6,54.78,89.7,0,0,0
311,2023-09-09 15:00,5.9,54.38,95.8,0,0,0
312,2023-09-09 16:00,0,54.25,83.7,0,0,0
313,2023-09-09 17:00,26.2,51.36,27.4,0,0,0
314,2023-09-09 18:00,53.2,49.28,2,0,0,0
315,2023-09-09 19:00,54.3,46.35,0,0,0,0
316,2023-09-09 20:00,54.1,45.86,0,0,0,0
317,2023-09-09 21:00,51.1,44.42,0,0,0,0
318,2023-09-09 22:00,50.3,44.35,0,0,0,0
319,2023-09-09 23:00,48,44.42,0,0,0,0
320,2023-09-10 0:00,47.7,44.38,0,0,0,0
321,2023-09-10 1:00,47.8,44.38,0,0,0,0
322,2023-09-10 2:00,45.3,44.33,0,0,0,0
323,2023-09-10 3:00,45.6,44.39,0,0,0,0
324,2023-09-10 4:00,44.9,44.27,0,0,0,0
325,2023-09-10 5:00,37.1,30.67,0,0,0,0
326,2023-09-10 6:00,39.7,34.46,0.2,0,0,0
327,2023-09-10 7:00,22.4,39.9,19.5,0,0,0
328,2023-09-10 8:00,7.6,40.18,61.2,0,0,0
329,2023-09-10 9:00,0,44.36,120.4,0,0,0
330,2023-09-10 10:00,0,44.37,157.6,0,0,0
331,2023-09-10 11:00,0,45.44,143.2,0,0,0
332,2023-09-10 12:00,0.9,54.81,99.1,0,0,0
333,2023-09-10 13:00,0,57.54,180,0,0,0
334,2023-09-10 14:00,0,55.65,113.8,0,0,0
335,2023-09-10 15:00,0,56.09,128.2,0,0,0
336,2023-09-10 16:00,0.8,54.05,78.9,0,0,0
337,2023-09-10 17:00,22.1,52.68,32.3,0,0,0
338,2023-09-10 18:00,51.5,50.68,3.6,0,0,0
339,2023-09-10 19:00,53,44.82,0,0,0,0
340,2023-09-10 20:00,53.6,45.17,0,0,0,0
341,2023-09-10 21:00,47.2,44.5,0,0,0,0
342,2023-09-10 22:00,44.2,42.28,0,0,0,0
343,2023-09-10 23:00,41.9,37.85,0,0,0,0
344,2023-09-11 0:00,42,37.08,0,0,0,1
345,2023-09-11 1:00,32.6,29.96,0,0,0,1
346,2023-09-11 2:00,43.1,42.35,0,0,0,1
347,2023-09-11 3:00,44.1,44.34,0,0,0,1
348,2023-09-11 4:00,71.6,69.61,0,0,0,1
349,2023-09-11 5:00,88.3,87.32,0,0,0,1
350,2023-09-11 6:00,92.3,87.56,1.1,0,0,1
351,2023-09-11 7:00,84.8,110.73,27,0,0,1
352,2023-09-11 8:00,83.6,159.63,76.1,0,0,1
353,2023-09-11 9:00,85,204.34,122.1,0,0,1
354,2023-09-11 10:00,75.6,231.31,158.1,0,0,1
355,2023-09-11 11:00,83.4,245.76,162.7,0,0,1
356,2023-09-11 12:00,157,245.87,87.6,0,0,1
357,2023-09-11 13:00,83.1,244.81,160.1,0,0,1
358,2023-09-11 14:00,79.9,245.95,167.3,0,0,1
359,2023-09-11 15:00,105.9,246.01,139,0,0,1
360,2023-09-11 16:00,166.2,241.85,76.3,0,0,1
361,2023-09-11 17:00,197.8,215.77,22.9,0,0,1
362,2023-09-11 18:00,201.8,202.52,1.2,0,0,1
363,2023-09-11 19:00,189.2,184.59,0,0,0,1
364,2023-09-11 20:00,177.6,172.35,0,0,0,1
365,2023-09-11 21:00,128.6,125.39,0,0,0,1
366,2023-09-11 22:00,94.4,87.84,0,0,0,1
367,2023-09-11 23:00,61.5,59.04,0,0,0,1
368,2023-09-12 0:00,43,39.24,0,0,0,1
369,2023-09-12 1:00,33.1,30.06,0,0,0,1
370,2023-09-12 2:00,43.2,41.23,0,0,0,1
371,2023-09-12 3:00,43.6,44.34,0,0,0,1
372,2023-09-12 4:00,71.7,71.15,0,0,0,1
373,2023-09-12 5:00,88.6,87.38,0,0,0,1
374,2023-09-12 6:00,93.1,87.5,0.4,0,0,1
375,2023-09-12 7:00,100.3,112.23,11.9,0,0,1
376,2023-09-12 8:00,114.9,159.54,44.9,0,0,1
377,2023-09-12 9:00,113.3,201.54,87.5,0,0,1
378,2023-09-12 10:00,74.4,221.39,145.1,0,0,1
379,2023-09-12 11:00,55.8,236.36,181.1,0,0,1
380,2023-09-12 12:00,108,235.1,127.8,0,0,1
381,2023-09-12 13:00,113.8,243.96,126.1,0,0,1
382,2023-09-12 14:00,118.5,245.98,125,0,0,1
383,2023-09-12 15:00,146.1,245.82,95.8,0,0,1
384,2023-09-12 16:00,184.5,240.44,52.8,0,0,1
385,2023-09-12 17:00,189.8,217.09,30.3,0,0,1
386,2023-09-12 18:00,198.8,202.28,1.6,0,0,1
387,2023-09-12 19:00,184.7,183.23,0,0,0,1
388,2023-09-12 20:00,170.6,169.49,0,0,0,1
389,2023-09-12 21:00,125.2,123.23,0,0,0,1
390,2023-09-12 22:00,89.8,88.57,0,0,0,1
391,2023-09-12 23:00,58.1,59.12,0,0,0,1
392,2023-09-13 0:00,41.2,39.26,0,0,0,1
393,2023-09-13 1:00,29,30.16,0,0,0,1
394,2023-09-13 2:00,42.9,43.16,0,0,0,1
395,2023-09-13 3:00,43.2,44.33,0,0,0,1
396,2023-09-13 4:00,71.2,70.61,0,0,0,1
397,2023-09-13 5:00,86.1,87.25,0,0,0,1
398,2023-09-13 6:00,88.6,87.93,0.1,0,0,1
399,2023-09-13 7:00,97.9,111.51,10.6,0,0,1
400,2023-09-13 8:00,126.6,158.83,28.3,0,0,1
401,2023-09-13 9:00,129.5,203.37,72.7,0,0,1
402,2023-09-13 10:00,165.2,226.65,59.2,0,0,1
403,2023-09-13 11:00,199.2,233.84,36.2,0,0,1
404,2023-09-13 12:00,186,232.58,48,0,0,1
405,2023-09-13 13:00,185.6,231.98,48,0,0,1
406,2023-09-13 14:00,181.9,237.64,54.9,0,0,1
407,2023-09-13 15:00,198.1,232.95,35.3,0,0,1
408,2023-09-13 16:00,222,231.47,9.2,0,0,1
409,2023-09-13 17:00,214.2,216.56,0.1,0,0,1
410,2023-09-13 18:00,193,190.46,0,0,0,1
411,2023-09-13 19:00,184.3,182.45,0,0,0,1
412,2023-09-13 20:00,168.9,166.47,0,0,0,1
413,2023-09-13 21:00,125.2,121.48,0,0,0,1
414,2023-09-13 22:00,88.7,89.4,0,0,0,1
415,2023-09-13 23:00,57.1,58.18,0,0,0,1
416,2023-09-14 0:00,38.3,33.05,0,0,0,1
417,2023-09-14 1:00,28.8,29.94,0,0,0,1
418,2023-09-14 2:00,42.7,40.24,0,0,0,1
419,2023-09-14 3:00,43.8,44.04,0,0,0,1
420,2023-09-14 4:00,71.6,69.67,0,0,0,1
421,2023-09-14 5:00,86.4,87.56,0,0,0,1
422,2023-09-14 6:00,87.2,88.02,0,0,0,1
423,2023-09-14 7:00,100.7,107.42,7.2,0,0,1
424,2023-09-14 8:00,125.6,159.52,27.5,0,0,1
425,2023-09-14 9:00,154.3,201.82,45.3,0,0,1
426,2023-09-14 10:00,186.6,227.78,37,0,0,1
427,2023-09-14 11:00,168.8,235.44,65,0,0,1
428,2023-09-14 12:00,180.8,233.6,52.1,0,0,1
429,2023-09-14 13:00,198.9,231.57,32.5,0,0,1
430,2023-09-14 14:00,202.2,238.74,33.6,0,0,1
431,2023-09-14 15:00,212.1,232.75,19.8,0,0,1
432,2023-09-14 16:00,227.5,231.26,4.4,0,0,1
433,2023-09-14 17:00,211.1,217.27,2.3,0,0,1
434,2023-09-14 18:00,194.9,192.05,0,0,0,1
435,2023-09-14 19:00,183.5,180.27,0,0,0,1
436,2023-09-14 20:00,171.5,166.8,0,0,0,1
437,2023-09-14 21:00,126.5,121.51,0,0,0,1
438,2023-09-14 22:00,86.8,87.94,0,0,0,1
439,2023-09-14 23:00,58.1,59.15,0,0,0,1
440,2023-09-15 0:00,37.5,32.45,0,0,0,1
441,2023-09-15 1:00,29,30.07,0,0,0,1
442,2023-09-15 2:00,42.9,40.15,0,0,0,1
443,2023-09-15 3:00,43.2,44.35,0,0,0,1
444,2023-09-15 4:00,71.2,66.75,0,0,0,1
445,2023-09-15 5:00,86.2,87.27,0,0,0,1
446,2023-09-15 6:00,86.6,87.64,0,0,0,1
447,2023-09-15 7:00,111.3,106.24,0,0,0,1
448,2023-09-15 8:00,157.7,158.53,0,0,0,1
449,2023-09-15 9:00,189.3,202.54,8.7,0,0,1
450,2023-09-15 10:00,180.6,224.06,40.7,0,0,1
451,2023-09-15 11:00,125.6,233.75,107.3,0,0,1
452,2023-09-15 12:00,55,233.27,178.9,0,0,1
453,2023-09-15 13:00,112,233.4,120.5,0,0,1
454,2023-09-15 14:00,134.4,241.59,103.5,0,0,1
455,2023-09-15 15:00,202.1,245.78,39.6,0,0,1
456,2023-09-15 16:00,211.9,244.56,25.6,0,0,1
457,2023-09-15 17:00,206.6,218.47,9.8,0,0,1
458,2023-09-15 18:00,193.3,191.3,0,0,0,1
459,2023-09-15 19:00,185.9,182.47,0,0,0,1
460,2023-09-15 20:00,172.6,171.48,0,0,0,1
461,2023-09-15 21:00,129.7,127.69,0,0,0,1
462,2023-09-15 22:00,88.9,88.48,0,0,0,1
463,2023-09-15 23:00,56.9,57.83,0,0,0,1
464,2023-09-16 0:00,40.5,36.59,0,0,0,0
465,2023-09-16 1:00,41.6,37.33,0,0,0,0
466,2023-09-16 2:00,36.9,33.49,0,0,0,0
467,2023-09-16 3:00,36.8,33.06,0,0,0,0
468,2023-09-16 4:00,36.8,33.16,0,0,0,0
469,2023-09-16 5:00,31.2,30.17,0,0,0,0
470,2023-09-16 6:00,35,32.27,0,0,0,0
471,2023-09-16 7:00,31.7,35.23,1.2,0,0,0
472,2023-09-16 8:00,12,39.53,29.5,0,0,0
473,2023-09-16 9:00,2.1,44.35,64.8,0,0,0
474,2023-09-16 10:00,12.9,44.36,51.7,0,0,0
475,2023-09-16 11:00,38.4,44.37,4.1,0,0,0
476,2023-09-16 12:00,18.1,44.37,28.2,0,0,0
477,2023-09-16 13:00,43,44.38,0.9,0,0,0
478,2023-09-16 14:00,43.3,44.35,0,0,0,0
479,2023-09-16 15:00,35.9,44.37,6.6,0,0,0
480,2023-09-16 16:00,26.3,44.42,16.6,0,0,0
481,2023-09-16 17:00,25.6,44.36,17,0,0,0
482,2023-09-16 18:00,43.3,44.35,0,0,0,0
483,2023-09-16 19:00,43.2,44.4,0,0,0,0
484,2023-09-16 20:00,43.2,44.32,0,0,0,0
485,2023-09-16 21:00,43.2,44.4,0,0,0,0
486,2023-09-16 22:00,43.1,41.77,0,0,0,0
487,2023-09-16 23:00,41.1,34.46,0,0,0,0
488,2023-09-17 0:00,39.7,33.72,0,0,0,0
489,2023-09-17 1:00,40,33.77,0,0,0,0
490,2023-09-17 2:00,34.1,31.23,0,0,0,0
491,2023-09-17 3:00,33.3,30.17,0,0,0,0
492,2023-09-17 4:00,32.2,30.76,0,0,0,0
493,2023-09-17 5:00,30.4,29.96,0,0,0,0
494,2023-09-17 6:00,32.4,30.18,0.6,0,0,0
495,2023-09-17 7:00,9.9,33.34,22.6,0,0,0
496,2023-09-17 8:00,5.1,40.85,32.1,0,0,0
497,2023-09-17 9:00,0,44.35,67.9,0,0,0
498,2023-09-17 10:00,0,44.37,75.8,0,0,0
499,2023-09-17 11:00,0,44.37,85.6,0,0,0
500,2023-09-17 12:00,0,44.58,138.5,0,0,0
501,2023-09-17 13:00,0,44.82,97.5,0,0,0
502,2023-09-17 14:00,0,44.43,91.7,0,0,0
503,2023-09-17 15:00,0,44.49,82.7,0,0,0
504,2023-09-17 16:00,4.1,44.5,53.5,0,0,0
505,2023-09-17 17:00,8.7,44.42,38.6,0,0,0
506,2023-09-17 18:00,41,44.4,2.1,0,0,0
507,2023-09-17 19:00,43.4,44.33,0,0,0,0
508,2023-09-17 20:00,43.2,44.38,0,0,0,0
509,2023-09-17 21:00,43.2,44.34,0,0,0,0
510,2023-09-17 22:00,43.2,44.11,0,0,0,0
511,2023-09-17 23:00,40.8,36.57,0,0,0,0
512,2023-09-18 0:00,40.9,33.75,0,0,0,1
513,2023-09-18 1:00,28.9,30.12,0,0,0,1
514,2023-09-18 2:00,43.2,43.99,0,0,0,1
515,2023-09-18 3:00,43.2,44.33,0,0,0,1
516,2023-09-18 4:00,71.8,72,0,0,0,1
517,2023-09-18 5:00,86.4,87.54,0,0,0,1
518,2023-09-18 6:00,87.1,88.38,0,0,0,1
519,2023-09-18 7:00,100,111.19,9.2,0,0,1
520,2023-09-18 8:00,91.2,159.55,62.5,0,0,1
521,2023-09-18 9:00,83.5,200.88,114.1,0,0,1
522,2023-09-18 10:00,93.7,222.33,125,0,0,1
523,2023-09-18 11:00,54.7,238.95,182.5,0,0,1
524,2023-09-18 12:00,71,246.06,169.4,0,0,1
525,2023-09-18 13:00,96.1,245.71,144.1,0,0,1
526,2023-09-18 14:00,142.7,245.97,100.1,0,0,1
527,2023-09-18 15:00,144.6,246.1,96.3,0,0,1
528,2023-09-18 16:00,162.6,243.06,74.6,0,0,1
529,2023-09-18 17:00,195.3,217.79,22.8,0,0,1
530,2023-09-18 18:00,199.5,201.24,0.1,0,0,1
531,2023-09-18 19:00,183.8,183.26,0,0,0,1
532,2023-09-18 20:00,162.9,161.72,0,0,0,1
533,2023-09-18 21:00,122.5,120.59,0,0,0,1
534,2023-09-18 22:00,87.8,87.67,0,0,0,1
535,2023-09-18 23:00,58,59.08,0,0,0,1
536,2023-09-19 0:00,40.9,34.89,0,0,0,1
537,2023-09-19 1:00,28.8,30.05,0,0,0,1
538,2023-09-19 2:00,42.9,43.53,0,0,0,1
539,2023-09-19 3:00,43.2,44.35,0,0,0,1
540,2023-09-19 4:00,71.6,71.04,0,0,0,1
541,2023-09-19 5:00,86.2,87.36,0,0,0,1
542,2023-09-19 6:00,86.5,87.56,0,0,0,1
543,2023-09-19 7:00,99.8,109.53,6.3,0,0,1
544,2023-09-19 8:00,126.3,158.91,26.1,0,0,1
545,2023-09-19 9:00,151.2,202.24,47.9,0,0,1
546,2023-09-19 10:00,139,226.52,82.9,0,0,1
547,2023-09-19 11:00,155,235.13,78.7,0,0,1
548,2023-09-19 12:00,131.1,233.57,102.3,0,0,1
549,2023-09-19 13:00,127.4,232.06,105,0,0,1
550,2023-09-19 14:00,102.5,239.2,133.3,0,0,1
551,2023-09-19 15:00,114.5,232.36,120.1,0,0,1
552,2023-09-19 16:00,185.9,231.51,50.1,0,0,1
553,2023-09-19 17:00,192.6,203.49,25.7,0,0,1
554,2023-09-19 18:00,192.8,187.55,1,0,0,1
555,2023-09-19 19:00,184,172.84,0,0,0,1
556,2023-09-19 20:00,170.4,162.17,0,0,0,1
557,2023-09-19 21:00,125.4,116.36,0,0,0,1
558,2023-09-19 22:00,87.2,87.86,0,0,0,1
559,2023-09-19 23:00,57.9,58.96,0,0,0,1
560,2023-09-20 0:00,39.9,30.16,0,0,0,1
561,2023-09-20 1:00,28.8,30.01,0,0,0,1
562,2023-09-20 2:00,43,29.96,0,0,0,1
563,2023-09-20 3:00,43.3,30.08,0,0,0,1
564,2023-09-20 4:00,71.9,58.72,0,0,0,1
565,2023-09-20 5:00,86.2,86.94,0,0,0,1
566,2023-09-20 6:00,86.5,87.64,0,0,0,1
567,2023-09-20 7:00,110.3,103.59,0.1,0,0,1
568,2023-09-20 8:00,144.1,144.58,7.7,0,0,1
569,2023-09-20 9:00,180.6,202.42,19,0,0,1
570,2023-09-20 10:00,200.3,220.28,21.7,0,0,1
571,2023-09-20 11:00,212.3,231.49,22,0,0,1
572,2023-09-20 12:00,226.4,231.65,6.6,0,0,1
573,2023-09-20 13:00,214.6,231.44,16.4,0,0,1
574,2023-09-20 14:00,216.2,231.57,18.9,0,0,1
575,2023-09-20 15:00,223.9,231.69,10.4,0,0,1
576,2023-09-20 16:00,229.9,231.5,2.1,0,0,1
577,2023-09-20 17:00,214.6,203.08,0.7,0,0,1
578,2023-09-20 18:00,195.2,182.6,0,0,0,1
579,2023-09-20 19:00,186,174.16,0,0,0,1
580,2023-09-20 20:00,172.5,167.18,0,0,0,1
581,2023-09-20 21:00,128.9,116.95,0,0,0,1
582,2023-09-20 22:00,89.4,87.98,0,0,0,1
583,2023-09-20 23:00,58.1,59.18,0,0,0,1
584,2023-09-21 0:00,42.3,30.17,0,0,0,1
585,2023-09-21 1:00,29.1,29.96,0,0,0,1
586,2023-09-21 2:00,42.8,29.97,0,0,0,1
587,2023-09-21 3:00,43.2,30,0,0,0,1
588,2023-09-21 4:00,71.4,58.37,0,0,0,1
589,2023-09-21 5:00,86.1,86.97,0,0,0,1
590,2023-09-21 6:00,86.5,87.49,0,0,0,1
591,2023-09-21 7:00,110.6,101.43,0,0,0,1
592,2023-09-21 8:00,130.6,143.42,21.4,0,0,1
593,2023-09-21 9:00,179.6,201.96,18,0,0,1
594,2023-09-21 10:00,199.5,214.8,22.2,0,0,1
595,2023-09-21 11:00,169.5,231.45,62.2,0,0,1
596,2023-09-21 12:00,151.2,231.53,80.9,0,0,1
597,2023-09-21 13:00,154,231.55,76.5,0,0,1
598,2023-09-21 14:00,186.7,231.51,47.8,0,0,1
599,2023-09-21 15:00,191.3,230.93,41.7,0,0,1
600,2023-09-21 16:00,221.6,232.1,7.2,0,0,1
601,2023-09-21 17:00,208.3,202.05,3.4,0,0,1
602,2023-09-21 18:00,188.7,173.94,0,0,0,1
603,2023-09-21 19:00,181.3,174.13,0,0,0,1
604,2023-09-21 20:00,168.1,154.81,0,0,0,1
605,2023-09-21 21:00,122.9,115.66,0,0,0,1
606,2023-09-21 22:00,86,86.8,0,0,0,1
607,2023-09-21 23:00,57.6,58.7,0,0,0,1
608,2023-09-22 0:00,38.3,29.8,0,0,0,1
609,2023-09-22 1:00,28.9,30.01,0,0,0,1
610,2023-09-22 2:00,43.1,29.99,0,0,0,1
611,2023-09-22 3:00,43.8,30.57,0,0,0,1
612,2023-09-22 4:00,72.3,59.29,0,0,0,1
613,2023-09-22 5:00,86.4,87.56,0,0,0,1
614,2023-09-22 6:00,85.8,87.54,0.7,0,0,1
615,2023-09-22 7:00,87.3,94.41,18.3,0,0,1
616,2023-09-22 8:00,91.7,147.78,62.5,0,0,1
617,2023-09-22 9:00,64.4,202.75,134,0,0,1
618,2023-09-22 10:00,63,221.9,158.1,0,0,1
619,2023-09-22 11:00,89.4,231.91,144.8,0,0,1
620,2023-09-22 12:00,77.2,231.62,155.8,0,0,1
621,2023-09-22 13:00,99.5,231.65,132.8,0,0,1
622,2023-09-22 14:00,82.8,231.56,152.9,0,0,1
623,2023-09-22 15:00,102.8,231.45,130.6,0,0,1
624,2023-09-22 16:00,153,231.44,77.1,0,0,1
625,2023-09-22 17:00,190.4,203.11,20.3,0,0,1
626,2023-09-22 18:00,192,177.53,0,0,0,1
627,2023-09-22 19:00,184.4,173.33,0,0,0,1
628,2023-09-22 20:00,169.8,157.64,0,0,0,1
629,2023-09-22 21:00,126.2,116.81,0,0,0,1
630,2023-09-22 22:00,86.9,87.96,0,0,0,1
631,2023-09-22 23:00,58,58.85,0,0,0,1
632,2023-09-23 0:00,39.9,29.92,0,0,0,0
633,2023-09-23 1:00,35.2,29.9,0,0,0,0
634,2023-09-23 2:00,31.3,29.92,0,0,0,0
635,2023-09-23 3:00,30.9,29.91,0,0,0,0
636,2023-09-23 4:00,30.9,29.92,0,0,0,0
637,2023-09-23 5:00,29.6,29.94,0,0,0,0
638,2023-09-23 6:00,30.8,29.98,0.8,0,0,0
639,2023-09-23 7:00,22.3,29.99,10.6,0,0,0
640,2023-09-23 8:00,1.7,29.96,60,0,0,0
641,2023-09-23 9:00,0,29.81,100.7,0,0,0
642,2023-09-23 10:00,0,30.03,117.5,0,0,0
643,2023-09-23 11:00,0,29.7,122.4,0,0,0
644,2023-09-23 12:00,0,30.12,85.5,0,0,0
645,2023-09-23 13:00,0,29.86,91.5,0,0,0
646,2023-09-23 14:00,0,30.02,91.5,0,0,0
647,2023-09-23 15:00,8.9,29.94,45,0,0,0
648,2023-09-23 16:00,17,29.96,41.9,0,0,0
649,2023-09-23 17:00,39.1,29.98,3.4,0,0,0
650,2023-09-23 18:00,43.2,29.89,0,0,0,0
651,2023-09-23 19:00,43.2,29.92,0,0,0,0
652,2023-09-23 20:00,43.2,29.91,0,0,0,0
653,2023-09-23 21:00,43.2,29.91,0,0,0,0
654,2023-09-23 22:00,43.2,29.93,0,0,0,0
655,2023-09-23 23:00,36.6,29.95,0,0,0,0
656,2023-09-24 0:00,35.4,29.89,0,0,0,0
657,2023-09-24 1:00,36.1,29.98,0,0,0,0
658,2023-09-24 2:00,30.7,29.92,0,0,0,0
659,2023-09-24 3:00,30.7,29.92,0,0,0,0
660,2023-09-24 4:00,30.8,29.88,0,0,0,0
661,2023-09-24 5:00,29.2,29.91,0,0,0,0
662,2023-09-24 6:00,30.7,29.88,0.3,0,0,0
663,2023-09-24 7:00,14.9,29.93,21.5,0,0,0
664,2023-09-24 8:00,0,29.91,74.7,0,0,0
665,2023-09-24 9:00,0,29.94,117.2,0,0,0
666,2023-09-24 10:00,0,29.96,133,0,0,0
667,2023-09-24 11:00,0,29.93,160.1,0,0,0
668,2023-09-24 12:00,0,29.91,173.6,0,0,0
669,2023-09-24 13:00,0,29.93,161.5,0,0,0
670,2023-09-24 14:00,0,29.91,159.3,0,0,0
671,2023-09-24 15:00,0,29.96,113.6,0,0,0
672,2023-09-24 16:00,1.3,29.96,63.4,0,0,0
673,2023-09-24 17:00,25.5,29.96,15.2,0,0,0
674,2023-09-24 18:00,43.3,29.93,0,0,0,0
675,2023-09-24 19:00,43.3,30.07,0,0,0,0
676,2023-09-24 20:00,43.1,29.93,0,0,0,0
677,2023-09-24 21:00,43.3,29.96,0,0,0,0
678,2023-09-24 22:00,43,29.87,0,0,0,0
679,2023-09-24 23:00,37.6,29.94,0,0,0,0
680,2023-09-25 0:00,36.1,29.93,0,0,0,1
681,2023-09-25 1:00,28.8,29.94,0,0,0,1
682,2023-09-25 2:00,42.5,29.92,0,0,0,1
683,2023-09-25 3:00,43.9,30.14,0,0,0,1
684,2023-09-25 4:00,71.8,58.75,0,0,0,1
685,2023-09-25 5:00,86.4,87.52,0,0,0,1
686,2023-09-25 6:00,86.5,87.51,0,0,0,1
687,2023-09-25 7:00,95.8,96,11.5,0,0,1
688,2023-09-25 8:00,123.5,144.63,28.4,0,0,1
689,2023-09-25 9:00,149.2,201.71,48.1,0,0,1
690,2023-09-25 10:00,177,212.76,43.6,0,0,1
691,2023-09-25 11:00,178.8,231.13,52.8,0,0,1
692,2023-09-25 12:00,113.9,231.85,118.3,0,0,1
693,2023-09-25 13:00,141.7,231.48,89.2,0,0,1
694,2023-09-25 14:00,157,231.54,77.9,0,0,1
695,2023-09-25 15:00,121.5,231.54,110,0,0,1
696,2023-09-25 16:00,200.1,231.51,28.9,0,0,1
697,2023-09-25 17:00,207.3,202.34,5.3,0,0,1
698,2023-09-25 18:00,189.8,175.73,0,0,0,1
699,2023-09-25 19:00,179.7,171.39,0,0,0,1
700,2023-09-25 20:00,169.7,156.04,0,0,0,1
701,2023-09-25 21:00,126.8,118.41,0,0,0,1
702,2023-09-25 22:00,85.6,87.6,0,0,0,1
703,2023-09-25 23:00,46.4,45.6,0,0,0,1
704,2023-10-11 22:00,74.8,114.11,15,0,0,1
705,2023-10-11 23:00,0,0,0,0,0,1
706,2023-10-12 0:00,0,0,0,0,0,1
707,2023-10-12 1:00,0,0,0,0,0,1
708,2023-10-12 2:00,0,0,0,0,0,1
709,2023-10-12 3:00,0,0,0,0,0,1
710,2023-10-12 4:00,0,0,0,0,0,1
711,2023-10-12 5:00,0,0,0,0,0,1
712,2023-10-12 6:00,0,0,0,0,0,1
713,2023-10-12 7:00,0,0,0,0,0,1
714,2023-10-12 8:00,0,0,0,0,0,1
715,2023-10-12 9:00,0,0,0,0,0,1
716,2023-10-12 10:00,0,0,0,0,0,1
717,2023-10-12 11:00,-65701.8,-851.21,-25377.7,0,0,1
718,2023-10-12 12:00,2.12,2,0,0,0,1
719,2023-10-12 13:00,0.32,0,0,0,0,1
720,2023-10-12 14:00,0.21,11.7,0,0.03,0,1
721,2023-10-12 15:00,0.05,0.34,0,0,0,1
722,2023-10-12 16:00,1.82,92.52,58.52,0.01,0,1
723,2023-10-12 17:00,1.85,156.57,96.55,0.01,0,1
724,2023-10-12 18:00,0.08,70.07,3.46,1.16,0,1
725,2023-10-12 19:00,0.31,123.2,0.02,0.01,0,1
726,2023-10-12 20:00,0,0,0,0,0,1
727,2023-10-12 21:00,0,0,0,0,0,1
728,2023-10-12 22:00,0,0,0,0,0,1
729,2023-10-12 23:00,0,0,0,0,0,1
730,2023-10-13 0:00,0,0,0,0,0,1
731,2023-10-13 1:00,0,0,0,0,0,1
732,2023-10-13 2:00,0,0,0,0,0,1
733,2023-10-13 3:00,0,0,0,0,0,1
734,2023-10-13 4:00,0,0,0,0,0,1
735,2023-10-13 5:00,0,0,0,0,0,1
736,2023-10-13 6:00,0,0,0,0,0,1
737,2023-10-13 7:00,0,0,0,0,0,1
738,2023-10-13 8:00,0,0,0,0,0,1
739,2023-10-13 9:00,0,0,0,0,0,1
740,2023-10-13 10:00,0,0,0,0,0,1
741,2023-10-13 11:00,0,0,0,0,0,1
742,2023-10-13 12:00,0,0,0,0,0,1
743,2023-10-13 13:00,0,0,0,0,0,1
744,2023-10-13 14:00,0,0,0,0,0,1
745,2023-10-13 15:00,0,0,0,0,0,1
746,2023-10-13 16:00,0,0,0,0,0,1
747,2023-10-13 17:00,0,0,0,0,0,1
748,2023-10-13 18:00,0,0,0,0,0,1
749,2023-10-13 19:00,0,0,0,0,0,1
750,2023-10-16 16:00,31.7,0,0.04,31.72,0,1
751,2023-10-16 17:00,144.87,0,15.2,188.93,0,1
752,2023-10-16 18:00,0,0,0,0,0,1
753,2023-10-16 19:00,0,0,0,0,0,1
754,2023-10-16 20:00,0,0,0,0,0,1
755,2023-10-16 21:00,0,0,0,0,0,1
756,2023-10-16 22:00,0,0,0,0,0,1
757,2023-10-16 23:00,0,0,0,0,0,1
758,2023-10-17 0:00,0,0,0,0,0,1
759,2023-10-17 1:00,0,0,0,0,0,1
760,2023-10-17 2:00,0,0,0,0,0,1
761,2023-10-17 3:00,0,0,0,0,0,1
762,2023-10-17 4:00,0,0,0,0,0,1
763,2023-10-17 5:00,0,0,0,0,0,1
764,2023-10-17 6:00,0,0,0,0,0,1
765,2023-10-17 14:00,-147.35,29.13,0,-193.96,0,1
766,2023-10-17 15:00,204.29,244.52,40.32,41.9,0,1
767,2023-10-17 16:00,167.22,217.06,49.28,0.31,0,1
768,2023-10-17 17:00,106.73,140.27,35.95,0.07,-30.39,1
769,2023-10-17 18:00,111.89,0,0,109.77,0,1
770,2023-10-17 19:00,3.98,0,0,6.04,0,1
771,2023-10-17 20:00,0,0,0,0,0,1
772,2023-10-17 21:00,0,0,0,0,0,1
773,2023-10-17 22:00,0,0,0,0,0,1
774,2023-10-17 23:00,0,0,0,0,0,1
775,2023-10-18 0:00,0,0,0,0,0,1
776,2023-10-18 1:00,0,0,0,0,0,1
777,2023-10-18 2:00,0,0,0,0,0,1
778,2023-10-18 3:00,0,0,0,0,0,1
779,2023-10-18 4:00,0,0,0,0,0,1
780,2023-10-18 5:00,0,0,0,0,0,1
781,2023-10-18 6:00,0,0,0,0,0,1
782,2023-10-18 7:00,0,0,0,0,0,1
783,2023-10-18 8:00,0,0,0,0,0,1
784,2023-10-18 9:00,0,0,0,0,0,1
785,2023-10-18 10:00,20.61,76.79,95.87,79.98,0,1
786,2023-10-18 11:00,0,35.37,161.11,112.24,0,1
787,2023-10-18 12:00,26.88,34.49,146.08,93.54,0,1
788,2023-10-18 13:00,0,38.28,185.5,146.54,0,1
789,2023-10-18 14:00,181.11,240.49,46.1,9.68,-16.67,1
790,2023-10-18 15:00,179.12,239.8,42.41,0,-18.01,1
791,2023-10-18 16:00,174.26,242.79,50.14,0,-17.97,1
792,2023-10-18 17:00,189.91,241.06,32.82,0,-17.96,1
793,2023-10-18 18:00,220.81,238.88,0.23,0,-17.98,1
794,2023-10-18 19:00,3.33,3.34,0,0.1,-0.34,1
795,2023-10-18 20:00,0,0,0,0,0,1
796,2023-10-18 21:00,0,0,0,0,0,1
797,2023-10-18 22:00,0,0,0,0,0,1
798,2023-10-18 23:00,0,0,0,0,0,1
799,2023-10-19 0:00,0,0,0,0,0,1
800,2023-10-19 1:00,0,0,0,0,0,1
801,2023-10-19 2:00,0,0,0,0,0,1
802,2023-10-19 3:00,0,0,0,0,0,1
803,2023-10-19 4:00,0,0,0,0,0,1
804,2023-10-19 5:00,0,0,0,0,0,1
805,2023-10-19 6:00,0,0,0,0,0,1
806,2023-10-19 7:00,0,0,0,0,0,1
807,2023-10-19 8:00,0,0,0,0,0,1
808,2023-10-19 9:00,0,0,0,0,0,1
809,2023-10-19 10:00,0,0,0,0,0,1
810,2023-10-19 11:00,0,0,0,0,0,1
811,2023-10-19 12:00,0,0,0,0,0,1
812,2023-10-19 13:00,0,0,0,0,0,1
813,2023-10-19 14:00,0.16,0.19,0.06,0.01,0,1
814,2023-10-19 15:00,57.57,86.53,18.76,0.02,-19.48,1
815,2023-10-19 16:00,103.92,137.91,25.74,0,-8,1
816,2023-10-19 17:00,0,0,0,0,0,1
817,2023-10-19 18:00,0,0,0,0,0,1
818,2023-10-19 19:00,0,0,0,0,0,1
819,2023-10-19 20:00,0,0,0,0,0,1
820,2023-10-19 21:00,0,0,0,0,0,1
821,2023-10-19 22:00,0,0,0,0,0,1
822,2023-10-19 23:00,0,0,0,0,0,1
823,2023-10-20 0:00,0,0,0,0,0,1
824,2023-10-20 1:00,0,0,0,0,0,1
825,2023-10-20 2:00,0,0,0,0,0,1
826,2023-10-20 3:00,0,0,0,0,0,1
827,2023-10-20 4:00,0,0,0,0,0,1
828,2023-10-20 5:00,0,0,0,0,0,1
829,2023-10-20 6:00,0,0,0,0,0,1
830,2023-10-20 7:00,0,0,0,0,0,1
831,2023-10-20 8:00,0,0,0,0,0,1
832,2023-10-20 9:00,0,0,0,0,0,1
833,2023-10-20 10:00,0,0,0,0,0,1
834,2023-10-20 11:00,0,0,0,0,0,1
835,2023-10-20 12:00,0,0,0,0,0,1
836,2023-10-20 13:00,0,0,0,0,0,1
837,2023-10-20 14:00,0,0,0,0,0,1
838,2023-10-20 15:00,0,0,0,0,0,1
